URL,TEXT
https://takecontrol.substack.com/p/melatonin-in-mitochondria,STORY AT-A-GLANCE The vast majority 95% of the melatonin your body produces is made inside your mitochondria in response to near-infrared radiation from the sun.
https://takecontrol.substack.com/p/melatonin-in-mitochondria, Only 5% of melatonin is produced in your pineal gland at nightDuring the day near-infrared rays from the sun penetrate deep into your body and activate cytochrome c oxidase which in turn stimulates the production of melatonin inside your mitochondriaYour mitochondria produce ATP the energy currency of your body.
https://takecontrol.substack.com/p/melatonin-in-mitochondria, A byproduct of this ATP production is reactive oxidative species (ROS) which are responsible for oxidative stressExcessive amounts of ROS will damage the mitochondria contributing to suboptimal health inflammation and chronic health conditions such as diabetes obesity and thrombosis (blood clots)Melatonin mops up ROS that damage your mitochondria.
https://takecontrol.substack.com/p/melatonin-in-mitochondria, Provided you get good sleep and plenty of sun exposure during the day your mitochondria will be bathed in melatonin thereby reducing oxidative stressI have been absolutely fascinated with the association of sun exposure to health for nearly three decades.
https://takecontrol.substack.com/p/melatonin-in-mitochondria, It was obvious to me that nearly all dermatologists are seriously confused about avoiding the sun as sun exposure is essential to stay healthy.
https://takecontrol.substack.com/p/melatonin-in-mitochondria,I always knew there was some important fact we were missing and I sincerely believe that in the MedCram video above we learn what that is.
https://takecontrol.substack.com/p/melatonin-in-mitochondria, Dr. Roger Seheult explains the ins and outs of how sunlight impacts your health — not only through increasing your vitamin D levels but through melatonin!
https://takecontrol.substack.com/p/melatonin-in-mitochondria, It’s nearly two hours long but well worth it if you have the time and are a fraction as fascinated by new science insights that could radically change your health as I am.
https://takecontrol.substack.com/p/melatonin-in-mitochondria, A condensed 25-minute version is included below. Seheult’s review is primarily based on the February 2020 paper 1“Melatonin in Mitochondria: Mitigating Clear and Present Dangers” published in the Physiology journal.
https://takecontrol.substack.com/p/melatonin-in-mitochondria, It’s written by the best researcher in melatonin Russel Reiter Ph.D. whom I first heard lecture on melatonin over 25 years ago.
https://takecontrol.substack.com/p/melatonin-in-mitochondria, his paper is one of the best papers I’ve read in a long while and you can access the full paper for free. Melatonin Is Produced in Response to Sun Exposure To summarize the key finding before we dive into the nitty-gritty the vast majority of the melatonin your body produces — 95% — is actually made inside your mitochondria in response to near-infrared radiation from the sun.
https://takecontrol.substack.com/p/melatonin-in-mitochondria, Only 5% of melatonin is produced in your pineal gland.It is important to note that melatonin supplements contrary to what you might expect do not wind up in your mitochondria where they are needed most to quench the damage from oxidative stress produced in the electron transport chain.
https://takecontrol.substack.com/p/melatonin-in-mitochondria, Melatonin of course is a master hormone 2a potent antioxidant 3and antioxidant recycler 4and a master regulator of inflammation and cell death.
https://takecontrol.substack.com/p/melatonin-in-mitochondria, 5These functions are part of what makes melatonin such an important anticancer molecule. 6 Melatonin has also been shown to be an important part of COVID treatment reducing incidence of thrombosis and sepsis 7and lowering mortality.
https://takecontrol.substack.com/p/melatonin-in-mitochondria, 8 9As noted by Seheult evidence suggests sun exposure may help combat any number of respiratory infections including COVID and the production of melatonin in your mitochondria appears to be a key part of why that works.
https://takecontrol.substack.com/p/melatonin-in-mitochondria, Seheult reviews a number of evidences showing that COVID rates across the world correlate to the solar index or the amount of sun striking the area.
https://takecontrol.substack.com/p/melatonin-in-mitochondria, Positive case rates also correlate with vitamin D levels in the blood. Higher blood levels correlate with lower incidence of COVID and higher rates of survival for inpatients.
https://takecontrol.substack.com/p/melatonin-in-mitochondria,In short vitamin D is more than likely a MARKER or surrogate for sun exposure. But all the benefits are likely due to other factors than vitamin D itself.
https://takecontrol.substack.com/p/melatonin-in-mitochondria, As noted by Seheult some studies looking at the effect of giving vitamin D to patients treated for severe COVID found no benefit even at very high doses.
https://takecontrol.substack.com/p/melatonin-in-mitochondria, What’s more research 10looking at UVA levels and COVID mortality rates found areas of the U.S. the U.K. and Italy with higher UVA also had lower COVID mortality rates.
https://takecontrol.substack.com/p/melatonin-in-mitochondria, Vitamin D does not rise in response to UVA (only UVB) so something in the sunlight other than vitamin D must have a beneficial impact.
https://takecontrol.substack.com/p/melatonin-in-mitochondria, As noted by the authors: “In conclusion this study is observational and therefore any causal interpretation needs to be taken with caution.
https://takecontrol.substack.com/p/melatonin-in-mitochondria, However if the relationship identified proves to be causal it suggests that optimizing sun exposure may be a possible public health intervention.
https://takecontrol.substack.com/p/melatonin-in-mitochondria,Given that the effect appears independent of a vitamin D pathway it suggests possible new COVID-19 therapies and the importance of exploring the role of circulating NO [nitric oxide].
https://takecontrol.substack.com/p/melatonin-in-mitochondria,”Here they speculated that nitric oxide which is produced in response to UVA could be the key as nitric oxide has been shown to limit SARS-CoV-2 replication in vitro in addition to normalizing your blood pressure.
https://takecontrol.substack.com/p/melatonin-in-mitochondria,But while it’s true that nitric oxide rises in response to sunlight (specifically UVA and near-infrared) Seheult believes the primary mechanism at work here is melatonin because it’s produced in response to the infrared spectrum which makes up a much greater portion of the solar spectrum than ultraviolet and works regardless of the angle at which it hits the earth.
https://takecontrol.substack.com/p/melatonin-in-mitochondria,Hence the southern part of England can have lower COVID deaths than the northern part even though the entire country is too far north for vitamin D production.
https://takecontrol.substack.com/p/melatonin-in-mitochondria, Understanding Solar EnergyAs you can see from the illustration above 39% of the solar spectrum is what we see as visible light.
https://takecontrol.substack.com/p/melatonin-in-mitochondria, The majority of the solar spectrum 54% is infrared 11which is not visible but rather felt as heat. Ultraviolet light accounts for only 7% of the solar spectrum and vitamin D is specifically produced in response to UVB radiation which is only a small part of the ultraviolet spectrum.
https://takecontrol.substack.com/p/melatonin-in-mitochondria, Melatonin is produced inside your mitochondria in response to near-infrared radiation which is part of the infrared spectrum.
https://takecontrol.substack.com/p/melatonin-in-mitochondria, Because near-infrared has a much longer wavelength than ultraviolet it can penetrate much deeper into your body reaching cells in your subcutaneous tissue and not just on your skin.
https://takecontrol.substack.com/p/melatonin-in-mitochondria, Near-infrared is not seen but rather felt as warmth. Its penetrative power (heat) also means it can penetrate lightweight clothing.
https://takecontrol.substack.com/p/melatonin-in-mitochondria, Melatonin Combats Oxidative Stress Day and Night Your mitochondria produce ATP the energy currency of your cells. A byproduct of this ATP production are reactive oxidative species (ROS) which are responsible for oxidative stress.
https://takecontrol.substack.com/p/melatonin-in-mitochondria, Excessive amounts of ROS will damage your mitochondria contributing to suboptimal health inflammation and chronic health conditions such as diabetes obesity and thrombosis (blood clots).
https://takecontrol.substack.com/p/melatonin-in-mitochondria,The good news is your body has a built-in way to counteract these ROS. Inside your mitochondria you also have an antioxidant system and the main antioxidant is melatonin.
https://takecontrol.substack.com/p/melatonin-in-mitochondria, (Melatonin also upregulates your glutathione pathway.) “During the day near-infrared rays from the sun penetrate deep into your body and activate cytochrome c oxidase which in turn stimulates the production of melatonin inside your mitochondria.
https://takecontrol.substack.com/p/melatonin-in-mitochondria,” Melatonin is perhaps best known as a sleep regulating hormone. At night the level produced by your pineal gland rises which help make you sleepy and ready for bed.
https://takecontrol.substack.com/p/melatonin-in-mitochondria, As the sun rises and morning dawns the level automatically recedes allowing you to wake up.But that’s not all melatonin does.
https://takecontrol.substack.com/p/melatonin-in-mitochondria, As melatonin is released at night it travels through your circulatory system and is taken up by cells. Once inside the melatonin mops up excessive ROS.
https://takecontrol.substack.com/p/melatonin-in-mitochondria,Melatonin also helps counteract damaging ROS during the day but through a different pathway. During the day near-infrared rays from the sun penetrate deep into your body and activate cytochrome c oxidase which in turn stimulates the production of melatonin inside your mitochondria.
https://takecontrol.substack.com/p/melatonin-in-mitochondria, Melatonin and Sunlight Are Intimately Connected Melatonin and sunlight are intimately linked and their relationship is unique in the fact that there are two forms of melatonin circulatory and subcellular or that produced by the pineal gland and secreted into the blood and that produced by your mitochondria and used there locally.
https://takecontrol.substack.com/p/melatonin-in-mitochondria,Both appear to be controlled by either the absence of sunlight or the presence of sunlight. While circulatory melatonin may be the “hormone of darkness” subcellular melatonin is the “hormone of daylight.
https://takecontrol.substack.com/p/melatonin-in-mitochondria,” Since the beginning of human history people have lived and worked outdoors during the light of day absorbing light energy from the sky.
https://takecontrol.substack.com/p/melatonin-in-mitochondria, An average of 10 hours outdoors each day 70 hours weekly was common. Today we spend an average of fewer than 30 minutes a day or a mere three hours per week in daylight according to a study by Dr.
https://takecontrol.substack.com/p/melatonin-in-mitochondria, Daniel Kripke professor of psychiatry at UC San Diego. 12 It is likely that near-infrared (IR) photons stimulate subcellular melatonin synthesis in your mitochondria through cyclic adenosine monophosphate (cAMP) or NF-kB activation or alternatively by stimulating bone marrow stem cells.
https://takecontrol.substack.com/p/melatonin-in-mitochondria, 13However if you fail to expose your skin to sufficient near-IR light from the sun than your mitochondria will have seriously depleted melatonin levels that can’t be corrected through supplementation.
https://takecontrol.substack.com/p/melatonin-in-mitochondria,Melatonin’s Role in COVID Alright so what does all of this have to do with treating COVID? For this we need to snake our way through some biology.
https://takecontrol.substack.com/p/melatonin-in-mitochondria, Angiotensin 2 is a pro-oxidant that is converted into angiotensin 17 an antioxidant by the ACE2 enzyme. ACE2 is the same enzyme the SARS-CoV-2 spike protein attaches to and uses to enter the cell.
https://takecontrol.substack.com/p/melatonin-in-mitochondria,Angiotensin 2 increases blood pressure while angiotensin 17 lowers it by relaxing your vasculature. If you have high angiotensin 2 you’ll have higher ROS in the cell which as mentioned is detrimental as it damages the machinery of the cell.
https://takecontrol.substack.com/p/melatonin-in-mitochondria, Angiotensin 17 on the other hand will decrease ROS in the cell.The problem you encounter with COVID is that when the virus attaches to the cell it knocks out the ACE2 enzyme (because the spike protein is now bound to it).
https://takecontrol.substack.com/p/melatonin-in-mitochondria, So angiotensin 2 increases angiotensin 17 decreases and the conversion from angiotensin 2 to angiotensin 17 cannot occur.
https://takecontrol.substack.com/p/melatonin-in-mitochondria,As a result ROS increases unchecked inside the cell. SARS-CoV-2 infection also increases white blood cell production and that increases ROS as well.
https://takecontrol.substack.com/p/melatonin-in-mitochondria, The end result of this elevated oxidative stress is blood clots which in turn leads to hypoxemia. Melatonin can break this destructive cycle by mopping up ROS and protecting your mitochondria from destruction.
https://takecontrol.substack.com/p/melatonin-in-mitochondria, 14As noted by Seheult if you’re not getting enough sleep at night and not getting enough sun exposure during the day your mitochondria are basically “running hot” with inflammation.
https://takecontrol.substack.com/p/melatonin-in-mitochondria, Melatonin is the coolant that dampens the ROS in your mitochondria.&nbsp; If your mitochondria are already taxed and you come down with COVID the added stress can tip you over the edge.
https://takecontrol.substack.com/p/melatonin-in-mitochondria, If your melatonin system is working well because you’re getting good sleep and plenty of sun exposure you’re more likely to fight off the infection and not have it turn serious.
https://takecontrol.substack.com/p/melatonin-in-mitochondria, Seed Oils Increase Your Risk for Both COVID and Sunburn This may seem like a tangent but it’s an important one. Linoleic acid (LA) makes up the bulk — about 60% to 80% — of the omega-6 fat you consume and it’s a primary contributor to nearly all chronic diseases.
https://takecontrol.substack.com/p/melatonin-in-mitochondria, While formerly thought an essential fat when consumed in excessive amounts LA actually acts as a metabolic poison.At a molecular level excess LA consumption damages your metabolism and impedes your body’s ability to generate energy in the mitochondria.
https://takecontrol.substack.com/p/melatonin-in-mitochondria, Polyunsaturated fats such as LA are highly susceptible to oxidation which means the fat breaks down into harmful subcomponents.
https://takecontrol.substack.com/p/melatonin-in-mitochondria, Oxidized LA metabolites (OXLAMs) are what cause the damage.Over the last 150 years the LA in the human diet has increased from 2 to 3 grams a day to 30 or 40 grams.
https://takecontrol.substack.com/p/melatonin-in-mitochondria, It used to make up just 1% to 2% of the energy in our diet and now it makes up 15% to 20%.This massive increase in LA consumption is what likely contributes to the increased oxidative stress in your body contributing to an increased risk for virtually every chronic degenerative disease.
https://takecontrol.substack.com/p/melatonin-in-mitochondria,Primary sources are seed oils and processed foods (which contain seed oils). Conventionally-raised chicken and pork are other common sources thanks to the LA-rich grains they’re fed.
https://takecontrol.substack.com/p/melatonin-in-mitochondria, As indicated in the subhead high LA intake can raise both your risk for sunburn (which you don’t want as that’s what’s contributes to skin cancer) and your risk for COVID.
https://takecontrol.substack.com/p/melatonin-in-mitochondria,Eliminating seed oils from your diet will dramatically reduce your risk of sunburn and skin cancer as susceptibility to UV radiation damage is controlled by the level of PUFAs in your diet.
https://takecontrol.substack.com/p/melatonin-in-mitochondria, It’s almost like a dial. The PUFAs control how rapidly your skin burns and how rapidly you develop skin cancer.As for LA’s impact on COVID consider this: The key toxin that produces the symptoms of acute respiratory distress syndrome (ARDS) is called leukotoxin which is made from LA by white blood cells to kill pathogens.
https://takecontrol.substack.com/p/melatonin-in-mitochondria, Basically the white blood cells convert the LA into leukotoxin which contributes to the inflammatory domino effect Seheult describes.
https://takecontrol.substack.com/p/melatonin-in-mitochondria,Leukocytes incubated with LA convert all of the LA into this toxin until there's none left so a major part of the disease process in ARDS is the conversion of LA into leukotoxin.
https://takecontrol.substack.com/p/melatonin-in-mitochondria, That appears to be what’s killing many COVID patients. So in summary simply eliminating (or radically reducing) seed oils and conventional chicken and pork from your diet can go a long way toward:Reducing your risk of sunburn thus allowing you to get plenty of worry-free sun exposure to raise your vitamin D level increase nitric oxide and boost melatonin production in your mitochondriaLowering your risk of COVID complications by limiting the conversion of LA into leukotoxin How Melatonin Is Created in Your MitochondriaWhile Seheult focuses on the role of melatonin in COVID-19 the paper “Melatonin in Mitochondria: Mitigating Clear and Present Dangers” 15goes into much broader applications.
https://takecontrol.substack.com/p/melatonin-in-mitochondria,Again melatonin is important for fighting cancer and mitochondrial dysfunction plays a central role in most all chronic disease including cancer Parkinson’s Alzheimer’s disease heart disease and Type 2 diabetes just to name a few.
https://takecontrol.substack.com/p/melatonin-in-mitochondria, The paper also describes in far greater detail the mechanism for how melatonin is created within the mitochondria: 16“In normal cells mitochondria account for energy (ATP) production which results from glucose metabolism (glycolysis) and cellular respiration (oxidative phosphorylation or OXPHOS) in the inner mitochondrial membrane.
https://takecontrol.substack.com/p/melatonin-in-mitochondria,Glycolysis which occurs in the cytosol generates pyruvate which is actively transported into the mitochondrial matrix.
https://takecontrol.substack.com/p/melatonin-in-mitochondria, Here pyruvate is converted to acetyl-CoA the latter linking glycolysis with the citric acid cycle in the mitochondrial matrix and thus coupling it to ATP production.
https://takecontrol.substack.com/p/melatonin-in-mitochondria,Acetyl-CoA is also an essential co-factor for N-acetyltransferase (AANAT) which converts serotonin to N-acetylserotonin the precursor of melatonin; AANAT activity rate limits melatonin synthesis.
https://takecontrol.substack.com/p/melatonin-in-mitochondria,In contrast to normal cells many solid tumor cells allow the metabolism of glucose to pyruvate in the cytosol but restricts the transfer of pyruvate into the mitochondria; this is known as the Warburg effect .
https://takecontrol.substack.com/p/melatonin-in-mitochondria,.. The Warburg effect allows cancer cells to rapidly proliferate avoid apoptosis and enhance the invasiveness and metastatic processes characteristic of tumors.
https://takecontrol.substack.com/p/melatonin-in-mitochondria,” The Warburg Effect in COVIDInterestingly the Warburg effect is also at play in COVID. As explained in a June 2020 study 17that found melatonin inhibited COVID-19-induced cytokine storm when your immune cells are in a hyper-inflammatory state their metabolism changes in a way similar to that of cancer cells: “Similar to cancer cells … immune cells such as macrophages/monocytes under inflammatory conditions abandon mitochondrial oxidative phosphorylation for ATP production in favor of cytosolic aerobic glycolysis (also known as the Warburg effect) …The change to aerobic glycolysis allows immune cells to become highly phagocytic accelerate ATP production intensify their oxidative burst and to provide the abundant metabolic precursors required for enhanced cellular proliferation and increased synthesis and release of cytokines .
https://takecontrol.substack.com/p/melatonin-in-mitochondria,..Because of melatonin's potent antioxidant and anti-inflammatory activities it would normally reduce the highly proinflammatory cytokine storm and neutralize the generated free radicals thereby preserving cellular integrity and preventing lung damage.
https://takecontrol.substack.com/p/melatonin-in-mitochondria,” Optimize Your Health With Sensible Sun Exposure Basically what “Melatonin in Mitochondria” found is that melatonin is an ideal target when trying to combat mitochondria-related diseases and cancer because it has ready access to and is synthesized in your mitochondria right where the oxidative stress occurs.
https://takecontrol.substack.com/p/melatonin-in-mitochondria, By reprogramming the faulty glucose metabolism melatonin can optimize mitochondrial function and curtail cancer growth.
https://takecontrol.substack.com/p/melatonin-in-mitochondria,Remember taking melatonin supplements will not transfer to increasing mitochondrial melatonin production. It needs to be produced near your mitochondria and not float down from your pineal gland.
https://takecontrol.substack.com/p/melatonin-in-mitochondria, So oral supplementation is not a substitute for going outside during the day.If you take it during the day you’re tricking your body into thinking it’s nighttime which could cause problems.
https://takecontrol.substack.com/p/melatonin-in-mitochondria, As far as we know the best way to increase mitochondrial melatonin is to optimize your near-IR exposure through regular sunlight exposure.
https://takecontrol.substack.com/p/melatonin-in-mitochondria,As you can see in the graph above unlike increasing vitamin D you have a much broader window where you can get near-IR exposure.
https://takecontrol.substack.com/p/melatonin-in-mitochondria, Interestingly spending time in nature is another way to increase your IR levels as most green plants and trees reflect IR.
https://takecontrol.substack.com/p/melatonin-in-mitochondria, This is likely why forest bathing is so healthy.The good news is you don’t have to be close to naked to benefit as you do when optimizing your vitamin D production.
https://takecontrol.substack.com/p/melatonin-in-mitochondria, The near-infrared radiation will penetrate lightweight clothing. So you can cover yourself to prevent sunburn if you’re outside for a longer period of time while still getting the near-infrared that you need.
https://takecontrol.substack.com/p/melatonin-in-mitochondria, (Also remember what I just told you about eliminating LA from your diet to cut your sunburn risk.) That said you will absorb more IR on your bare skin.
https://takecontrol.substack.com/p/melatonin-in-mitochondria,The other side of the equation is avoiding bright light late at night. To optimize melatonin release in your pineal gland at night avoid blue light-emitting gadgets at least a couple of hours before bed and keep the lighting in your room dim.
https://takecontrol.substack.com/p/melatonin-in-mitochondria, Blue-blocking glasses can also be used. Once in bed makes sure your room is pitch black as even a small amount of light can interfere with melatonin production.
https://takecontrol.substack.com/p/melatonin-in-mitochondria,Together sun exposure during the day and keeping it dark at night will ensure your mitochondria are being bathed — day and night — in melatonin that reduces harmful ROS.
https://takecontrol.substack.com/p/melatonin-in-mitochondria, So as suggested by Seheult try to spend more time outdoors especially if you’re sick (whether it be COVID or some other respiratory infection) or battle chronic disease.
https://takecontrol.substack.com/p/melatonin-in-mitochondria,&nbsp;Access this content 48 hours faster by subscribing to the FREE Mercola Health Newsletter today.Subscribe to Mercola NewsletterDisclaimer: The entire contents of this website are based upon the opinions of Dr.
https://takecontrol.substack.com/p/melatonin-in-mitochondria, Mercola unless otherwise noted. Individual articles are based upon the opinions of the respective author who retains copyright as marked.
https://takecontrol.substack.com/p/melatonin-in-mitochondria, The information on this website is not intended to replace a one-on-one relationship with a qualified health care professional and is not intended as medical advice.
https://takecontrol.substack.com/p/melatonin-in-mitochondria, It is intended as a sharing of knowledge and information from the research and experience of Dr. Mercola and his community.
https://takecontrol.substack.com/p/how-vitamin-d-keeps-you-young,`STORY AT-A-GLANCE Researchers found an association between vitamin D and leptin levels. The hormone leptin is secreted by fat cells in proportion to fat deposits signaling the hypothalamus to regulate energy balanceResearchers have found those with nonalcoholic fatty liver disease (NAFLD) often present with vitamin D deficiency; however the research into supplementation is not consistent potentially because supplement doses are not high enough to affect a changeVitamin D is metabolized in the liver and undergoes further hydroxylation in the kidney producing 125 dihydroxyvitamin D3 upregulating a transcription factor used to reduce reactive oxygen species and decrease cellular agingVitamin D insufficiency is linked to several negative health conditions including cancer and cardiovascular disease.
https://takecontrol.substack.com/p/how-vitamin-d-keeps-you-young, While it is best to optimize vitamin D levels with safe sun exposure if you find supplementation is necessary after a serum vitamin D test also supplement with magnesium and vitamin K2 (MK-7)AdvertisementEditor’s Note: This article is a reprint.
https://takecontrol.substack.com/p/how-vitamin-d-keeps-you-young, It was originally published July 29 2019. Your body needs vitamins and certain nutrients to grow and develop normally.
https://takecontrol.substack.com/p/how-vitamin-d-keeps-you-young, Vitamin D is one of them. Although not technically a vitamin — it's actually a fat-soluble hormone that transforms into vitamin D in your body — it's important to several different bodily processes.
https://takecontrol.substack.com/p/how-vitamin-d-keeps-you-young, It's not commonly found in foods but is added to some processed foods. It's also available in supplement form. 1 2 Optimally your body will make vitamin D when your skin is exposed to sunlight; hence it's also known as the sunshine vitamin.
https://takecontrol.substack.com/p/how-vitamin-d-keeps-you-young, 3As mentioned it plays a number of roles in the body including helping the gut absorb calcium necessary for strong bones 4modulating cell growth and optimizing your neuromuscular and immune functions.
https://takecontrol.substack.com/p/how-vitamin-d-keeps-you-young, 5 To date the best indicator of vitamin D status is your serum (blood) concentration of 25-hydroxy Vitamin D also called 25-OH vitamin D.
https://takecontrol.substack.com/p/how-vitamin-d-keeps-you-young, 6Blood test results serve as a biomarker of your exposure to vitamin D. 7 Chronic deficiency results in bone diseases such as rickets and skeletal deformities.
https://takecontrol.substack.com/p/how-vitamin-d-keeps-you-young, Research has also demonstrated that insufficiencies 8are associated with disease. 9 10More recently scientists have been looking at the association between vitamin D andleptin  11a hormone which controls your hunger 12and the effects vitamin D may have on antiaging.
https://takecontrol.substack.com/p/how-vitamin-d-keeps-you-young, 13 Physiological Link Between Leptin Vitamin D and AdiposeCanadian researchers looked at the association between elevated leptin levels vitamin D deficiency and their relationship to adipose tissue.
https://takecontrol.substack.com/p/how-vitamin-d-keeps-you-young, 14They enrolled 113 men with a sedentary lifestyle who had abdominal obesity were not taking a vitamin D supplement or had dyslipidemia.
https://takecontrol.substack.com/p/how-vitamin-d-keeps-you-young,The participants were involved in a lifestyle modification program over one year during which they were individually counseled by a nutritionist and kinesiologist every two weeks for the first four months.
https://takecontrol.substack.com/p/how-vitamin-d-keeps-you-young, The goal was to reduce their calorie intake by 500 calories per day and increase their daily physical activity and exercise.
https://takecontrol.substack.com/p/how-vitamin-d-keeps-you-young, 15After the first four months the participants continued to be counseled once a month. At the beginning and end of the one-year study a CT scan was done to map adipose deposits.
https://takecontrol.substack.com/p/how-vitamin-d-keeps-you-young, Cardiometabolic biomarkers were also measured. The researchers found that after making lifestyle changes participants showed an increase in their vitamin D levels that was inversely correlated with their leptin levels.
https://takecontrol.substack.com/p/how-vitamin-d-keeps-you-young, 16In other words as their vitamin D levels rose their leptin levels fell.The participants were taking more steps per day and their heart rates were lower at a treadmill pace lower than their maximum effort after one year.
https://takecontrol.substack.com/p/how-vitamin-d-keeps-you-young, Additionally the researchers found an association between levels of vitamin D and the volume in adipose tissue deposits.
https://takecontrol.substack.com/p/how-vitamin-d-keeps-you-young, 17 The scientists felt this supported a possible physiological link between the two measurements which was independent from fat cell deposits.
https://takecontrol.substack.com/p/how-vitamin-d-keeps-you-young, This led to a recommendation for lifestyle modifications to lower leptin levels in the clinical management of vitamin D deficiency.
https://takecontrol.substack.com/p/how-vitamin-d-keeps-you-young, 18 Interaction of Leptin and Weight ManagementThe hormone leptin is directly connected to body fat and obesity making it important for those who are struggling with weight management.
https://takecontrol.substack.com/p/how-vitamin-d-keeps-you-young, It is an adipokine or a cell signaling protein (cytokine) released by fat cells in proportion to the fat deposits. 19For a long time fat tissue was considered to be the body's inert tissue for storing energy.
https://takecontrol.substack.com/p/how-vitamin-d-keeps-you-young, 20 In 1994 the discovery of leptin marked an immediate change in an understanding of the function of body fat. 21There are two forms of fat tissue white and brown.
https://takecontrol.substack.com/p/how-vitamin-d-keeps-you-young,Brown adiposetissue is found more frequently in newborns distributed above the collarbone and around the neck area. 22The primary function is generating heat.
https://takecontrol.substack.com/p/how-vitamin-d-keeps-you-young,White adipose tissue is located throughout the body and sometimes referred to as subcutaneous or visceral fat. 23One of the physiological functions of white fat is to regulate metabolism through the secretion of leptin.
https://takecontrol.substack.com/p/how-vitamin-d-keeps-you-young, 24Leptin sends signals to the hypothalamus where it helps regulate your energy balance and turn on or turn off your hunger response.
https://takecontrol.substack.com/p/how-vitamin-d-keeps-you-young,For instance lower levels of leptin will trigger an increase in your appetite. But because leptin is secreted in proportion to the amount of fat cells in your body as you lose weight your appetite increases with lower levels of the hormone.
https://takecontrol.substack.com/p/how-vitamin-d-keeps-you-young, 25This can make weight management more challenging.As you produce more fat cells they produce more leptin which normally lowers the appetite.
https://takecontrol.substack.com/p/how-vitamin-d-keeps-you-young, Your body does this to maintain a homeostatic level of fat deposits. However with obesity the body may become leptin resistant which is a lack of sensitivity to the hormone.
https://takecontrol.substack.com/p/how-vitamin-d-keeps-you-young, 26 When this happens you may continue eating because you don't feel satisfied. The body then produces more leptin which increases the levels and continues to drive resistance.
https://takecontrol.substack.com/p/how-vitamin-d-keeps-you-young, Some people are born having a leptin deficiency; this signals uncontrollable hunger increases energy intake and leads to both severe childhood obesity and delayed puberty.
https://takecontrol.substack.com/p/how-vitamin-d-keeps-you-young, 27 Is There a Link Between Vitamin D and NAFLD? Results of several studies evaluating links between vitamin D and nonalcoholic fatty liver disease (NAFLD) are not consistent suggesting there may exist another factor not yet explored affecting the results of these studies including the supplementation dosage of vitamin D that should be used.
https://takecontrol.substack.com/p/how-vitamin-d-keeps-you-young, A community-based study performed in Taiwan 28sought to look at the association between levels of vitamin D and NAFLD. They studied concurrent symptoms of metabolic syndrome high C-reactive protein and high levels of adipokines including leptin.
https://takecontrol.substack.com/p/how-vitamin-d-keeps-you-young, Those who had viral hepatitis B or C frequently drank alcohol took a vitamin D supplement steroid treatments were pregnant or refused an abdominal ultrasound were excluded from the study.
https://takecontrol.substack.com/p/how-vitamin-d-keeps-you-young, In the end 564 individuals with fatty liver but no viral or alcoholic liver disease were included in the NAFLD group. The control group contained 564 individuals matched for age and gender to the experimental group who had normal ultrasound findings and liver function tests.
https://takecontrol.substack.com/p/how-vitamin-d-keeps-you-young, The researchers found those who had deficient or insufficient vitamin D levels had a higher risk of metabolic syndrome.
https://takecontrol.substack.com/p/how-vitamin-d-keeps-you-young, 29 However they did not find that vitamin D insufficiency or deficiency as defined by the study protocol increased the risk of having NAFLD as compared to those who had a sufficient vitamin D level.
https://takecontrol.substack.com/p/how-vitamin-d-keeps-you-young, 30In this study normal was considered 30 nanograms per milliliter (ng/mL) insufficiency was 20 to 30 ng/mL and those who had levels less than 20 ng/mL were considered deficient.
https://takecontrol.substack.com/p/how-vitamin-d-keeps-you-young,One systematic review of randomized controlled studies on the relationship between vitamin D deficiency and NAFLD found supplementation with vitamin D may improve symptoms.
https://takecontrol.substack.com/p/how-vitamin-d-keeps-you-young, 31Another found epidemiological studies point toward an association and reinforce the rationale that supplementation may help manage NAFLD.
https://takecontrol.substack.com/p/how-vitamin-d-keeps-you-young, 32 Other research finds the common coexistence of vitamin D deficiency and NAFLD ay suggest a plausible treatment but the limited number of prospective studies in humans and the lack of consensus in studies led the researchers to conclude it is premature to recommend supplementation with vitamin D for the specific treatment.
https://takecontrol.substack.com/p/how-vitamin-d-keeps-you-young, 33 The inconsistent evidence may be related to the supplementation dosages used to measure change in those with NAFLD or nonalcoholic steatohepatitis (NASH).
https://takecontrol.substack.com/p/how-vitamin-d-keeps-you-young, 34NASH is a form of NAFLD which includes hepatitis. 35In one study using daily supplementation of vitamin D with 2000 IUs for six months low levels of vitamin D were not corrected.
https://takecontrol.substack.com/p/how-vitamin-d-keeps-you-young, 36 Vitamin D Plays a Role in AntiagingVitamin D is metabolized in the liver to form 25-hydroxy (OH) vitamin D. This then travels to the kidneys where further hydroxylation forms 125 dihydroxyvitamin D.
https://takecontrol.substack.com/p/how-vitamin-d-keeps-you-young, 37The authors of one study 38looked at the hypothesis that 125 dihydroxyvitamin D3 may have an antiaging effect.They tested the theory that the vitamin would upregulate nuclear factor (erythroid derived 2)-like 2 (Nrf2) thus reducing reactive oxygen species and DNA damage.
https://takecontrol.substack.com/p/how-vitamin-d-keeps-you-young, 39In the body reactive oxygen species are balanced by an antioxidant system regulated by pathways to ensure response. Nrf2 is found to be one regulator of resistance to oxidants.
https://takecontrol.substack.com/p/how-vitamin-d-keeps-you-young, 40Nrf2 has the effect of reducing reactive oxygen species and decreasing DNA damage. In combination with increasing cell proliferation and reducing cellular aging researchers were able to demonstrate that mice deficient in 125 (OH)2 D3 survived only 3 months on average.
https://takecontrol.substack.com/p/how-vitamin-d-keeps-you-young, However when the diets of the mice were supplemented with dietary calcium and phosphate it prolonged their lifespan to more than eight months.
https://takecontrol.substack.com/p/how-vitamin-d-keeps-you-young, These same types of mice were then supplemented with exogenous 125 (OH)2 D3 and it resulted in prolonging the average life of the experimental mice to more than 16 months.
https://takecontrol.substack.com/p/how-vitamin-d-keeps-you-young, 41 The researchers suggest the data demonstrate 125 (OH)2 D3 plays a part in extending life through the upregulation of Nrf2 and the subsequent inhibition of oxidative stress and DNA damage.
https://takecontrol.substack.com/p/how-vitamin-d-keeps-you-young, 42 The role that Nrf2 may play in a number of different conditions is now being explored such as its effects on cardiovascular risk in metabolic disease 43cancer 44and chronic diseases.
https://takecontrol.substack.com/p/how-vitamin-d-keeps-you-young, 45Some are also evaluating the role Nrf2 transcription factor may have in protecting against Type 2 diabetes. 46 Vitamin D Insufficiency Linked to Negative Health ConditionsAccording to research 47published in June 2018 an estimated 40% of Americans are deficient in vitamin D.
https://takecontrol.substack.com/p/how-vitamin-d-keeps-you-young, This means that they have a vitamin D blood level that is lower than 50 ng/mL. "Sufficiency" means having a level of 50 ng/mL or higher.
https://takecontrol.substack.com/p/how-vitamin-d-keeps-you-young,Seventy-seven percent of American adults and teens are deficient in vitamin D when a sufficiency level of 30 ng/mL is used.
https://takecontrol.substack.com/p/how-vitamin-d-keeps-you-young, 48However the sufficiency level recommended by the National Institutes of Health is not nearly high enough to prevent some chronic illnesses 49which is currently recommended at greater than or equal to 20 ng/mL of serum vitamin D.
https://takecontrol.substack.com/p/how-vitamin-d-keeps-you-young, 50 Optimizing your vitamin D levels has been shown to have a powerful effect on health helping to protect against a wide variety of diseases including dry eye cardiovascular diseaseAlzheimer's diseaseand obesity.
https://takecontrol.substack.com/p/how-vitamin-d-keeps-you-young, You'll find more of the health conditions affected by vitamin D in my past article " Top 5 Signs of Vitamin D Deficiency .
https://takecontrol.substack.com/p/how-vitamin-d-keeps-you-young,"What Affects Your Vitamin D Level?There are several factors that influence your personal vitamin D levels. By knowing and understanding these you may determine the best way to attain optimal levels.
https://takecontrol.substack.com/p/how-vitamin-d-keeps-you-young, According to Harvard Health publishing these are the top six factors: 51 Geography — The farther away you are from the equator the less UVB light you get during the winter months.
https://takecontrol.substack.com/p/how-vitamin-d-keeps-you-young,Air pollution — Carbon particles in the air will slow vitamin D production as they absorb UVB rays.Sunscreen — Liberal use of sunscreen may prevent sunburn but it also lowers vitamin D production.
https://takecontrol.substack.com/p/how-vitamin-d-keeps-you-young,Skin color — People with dark skin need more UVB exposure than those with light skin.Weight — Body fat absorbs vitamin D as it's a fat-soluble vitamin.
https://takecontrol.substack.com/p/how-vitamin-d-keeps-you-young, Obesity is correlated with low vitamin D levels which may also affect bioavailability.Age — Older individuals will produce less vitamin D than younger people.
https://takecontrol.substack.com/p/how-vitamin-d-keeps-you-young,Optimize Your Vitamin D Levels Although it is best to optimize your vitamin D levels with safe sun exposure you may need additional supplementation if you are affected by one or more of the factors discussed above.
https://takecontrol.substack.com/p/how-vitamin-d-keeps-you-young, Research 52involving a community-based group of 3667 participants with a mean age of 51.3 years produced data that suggest it would require 9600 IUs of vitamin D per day to get 97.
https://takecontrol.substack.com/p/how-vitamin-d-keeps-you-young,5% to reach 40 ng/mL. However individual requirements vary widely based on a variety of factors and you need to take whatever dosage required to get you into the optimal range.
https://takecontrol.substack.com/p/how-vitamin-d-keeps-you-young, The only way to gauge how much you need is to have your levels tested ideally twice a year. You should test once in the early spring after the winter months to make sure you took enough throughout the winter and again in the early fall when your level is at its peak.
https://takecontrol.substack.com/p/how-vitamin-d-keeps-you-young, You are aiming for a level between 60 and 80 ng/mL with 40 ng/mL being the lowest cutoff for sufficiency. 53 54In fact new research in 2018 showed that the optimal levels for cancer prevention are between 60 and 80 ng/mL.
https://takecontrol.substack.com/p/how-vitamin-d-keeps-you-young, Aside from determining your ideal dose of vitamin D3 you also need to make sure you're getting enough vitamin K2 (to avoid complications associated with excessive calcification in your arteries) calcium and magnesium.
https://takecontrol.substack.com/p/how-vitamin-d-keeps-you-young, Research 55 56has shown that taking high doses of vitamin D with an insufficient magnesium level reduces your body's ability to utilize vitamin D.
https://takecontrol.substack.com/p/how-vitamin-d-keeps-you-young, Magnesium is required for the activation of vitamin D so when it's low vitamin D may be stored in its inactive form. This may help explain why so many people may need rather high doses of vitamin D to optimize their levels.
https://takecontrol.substack.com/p/how-vitamin-d-keeps-you-young, According to this review as many as 50% of Americans taking vitamin D supplements may not get significant benefit due to insufficient magnesium levels.
https://takecontrol.substack.com/p/how-vitamin-d-keeps-you-young, It's vital that you take vitamin D with sufficient amounts of vitamin K2 (MK7) as both are required to slow the progression of arterial calcification.
https://takecontrol.substack.com/p/how-vitamin-d-keeps-you-young, 57 Vitamin K2in the MK-7 form has been found to be bioactive. It regulates atherosclerosis cancer inflammatory diseases and osteoporosis.
https://takecontrol.substack.com/p/how-vitamin-d-keeps-you-young, 58 Vitamin K2 may lower the risk of damage to the cardiovascular system by activating a protein that prevents calcium from depositing in the walls of your blood vessels.
https://takecontrol.substack.com/p/how-vitamin-d-keeps-you-young, 59Disclaimer: The entire contents of this website are based upon the opinions of Dr. Mercola unless otherwise noted. Individual articles are based upon the opinions of the respective author who retains copyright as marked.
https://takecontrol.substack.com/p/how-vitamin-d-keeps-you-young, The information on this website is not intended to replace a one-on-one relationship with a qualified health care professional and is not intended as medical advice.
https://takecontrol.substack.com/p/how-vitamin-d-keeps-you-young, It is intended as a sharing of knowledge and information from the research and experience of Dr. Mercola and his community.
https://takecontrol.substack.com/p/how-vitamin-d-keeps-you-young, Dr. Mercola encourages you to make your own health care decisions based upon your research and in partnership with a qualified health care professional.
https://takecontrol.substack.com/p/how-vitamin-d-keeps-you-young, The subscription fee being requested is for access to the articles and information posted on this site and is not being paid for any individual medical advice.
https://takecontrol.substack.com/p/how-vitamin-d-keeps-you-young,If you are pregnant nursing taking medication or have a medical condition consult your health care professional before using products based on this content.
https://takecontrol.substack.com/p/how-vitamin-d-keeps-you-young,1National Institutes of Health Vitamin D2MedlinePlus Vitamin D3Medical News Today November 13 20174MedlinePlus Vitamin D5National Institutes of Health Vitamin D6UCSF Health 25-Hydroxy Vitamin D7National Institutes of Health Vitamin D8Mayo Clinic Proceedings 2011;86(1):509NIH Stat Pearls.
https://takecontrol.substack.com/p/how-vitamin-d-keeps-you-young, Vitamin D Deficiency. July 17 202310Aging and Disease 2017;8(3):34611International Journal of Obesity 2019; doi: 10.
https://takecontrol.substack.com/p/how-vitamin-d-keeps-you-young,1038/s41366-019-0347-712Hormone Health Network What is Leptin?13Aging Cell 2019; doi: 10.1111/acel.1295114International Journal of Obesity 2019; doi: 10.
https://takecontrol.substack.com/p/how-vitamin-d-keeps-you-young,1038/s41366-019-0347-715International Journal of Obesity 2019; doi: 10.1038/s41366-019-0347-716International Journal of Obesity 2019; doi: 10.
https://takecontrol.substack.com/p/how-vitamin-d-keeps-you-young,1038/s41366-019-0347-717Centre De Recherche Changes in 25(OH) vitamin D levels leptin levels and visceral adipose tissue volume18International Journal of Obesity 2019; doi: 10.
https://takecontrol.substack.com/p/how-vitamin-d-keeps-you-young,1038/s41366-019-0347-719Biochimica et Biophysica Acta 2014;1842(3)20Frontiers in Endocrinology 2013;4:7121Scientifica 2014;2014:32859222Frontiers in Endocrinology 2013;4:7123Frontiers in Endocrinology 2013;4:7124Archives of Medical Science 2013;9(2):19125Hormone Health Network What is Leptin?
https://takecontrol.substack.com/p/how-vitamin-d-keeps-you-young,26Hormone Health Network What is Leptin?27Hormone Health Network What is Leptin?28BMC Gastroenterology 2019; 19:12629BMC Gastroenterology 2019; 19:12630BMC Gastroenterology 2019; 19:12631International Journal of Preventive Medicine 2019;10:1432Nutrients 2017;9(9)33World Journal of Gastroenterology 2015;21(6)34The Journal of Nutrition 2017;147(10)35National Institute of Diabetes and Digestive and Kidney Diseases Definition and Facts about NASH and NAFLD36The Journal of Nutrition 2017;147(10)37UC Davis Health Vitamin D testing38Aging Cell 2019; doi: 10.
https://takecontrol.substack.com/p/how-vitamin-d-keeps-you-young,1111/acel.1295139Aging Cell 2019; doi: 10.1111/acel.1295140Annual Reviews in Pharmacological Toxicology 2013;53:40141Annual Reviews in Pharmacological Toxicology 2013;53:40142Annual Reviews in Pharmacological Toxicology 2013;53:40143Frontiers in Pharmacology 2019 doi: 10.
https://takecontrol.substack.com/p/how-vitamin-d-keeps-you-young,3389/fphar.2019.0038244Cancer Research 2019; doi: 10.1158/0008-5472.CAN-18-272345Nature Reviews 2019;18:29546Biotechnology Advances 2018;36(6)47Cureus 2018;10(6)48JAMA 2009;169(6)49PLOS|One 2018; doi: 10.
https://takecontrol.substack.com/p/how-vitamin-d-keeps-you-young,1371/journal.pone.019926550National Institutes of Health Vitamin D51Harvard Health Publishing 6 Things You Should know About Vitamin D52Anticancer Research 2011;31(2)53PLOS|One 2018; doi: 10.
https://takecontrol.substack.com/p/how-vitamin-d-keeps-you-young,1371/journal.pone.019926554Vitamin D Council I tested my vitamin D level. What do my results mean?55The Journal of the American Osteopathic Association 2018;118:18156EurekAlert!
https://takecontrol.substack.com/p/magnesium-vitamin-d-supplementation, February 26 201857Nephrology Dialysis Transplantation 2013;28(1)58International Journal of Molecular Sciences 2019;20(4):89659Integrative Medicine: A Clinician's Journal 2015;14(1):34``STORY AT-A-GLANCE When taking high-dose vitamin D3 it’s important to also take extra vitamin K2 and magnesium to avoid complications associated with excessive calcificationMagnesium the fourth most abundant mineral in your body is a component necessary for the activation of vitamin D and without sufficient amounts of it your body cannot properly utilize the vitamin D you’re takingAs many as 50% of Americans taking vitamin D supplements may not get significant benefit as the vitamin D simply gets stored in its inactive form due to magnesium deficiencyThe only way to determine how much sun exposure is enough and/or how much vitamin D3 you need to take is to measure your vitamin D level ideally twice a yearTo assess your magnesium level check your RBC magnesium level and track signs and symptoms of magnesium insufficiency to determine how much magnesium you need.
https://takecontrol.substack.com/p/magnesium-vitamin-d-supplementation, Low potassium and calcium are also common laboratory signs indicating magnesium deficiencyI’ve previously written about the importance of taking vitamin K2 when you’re taking high-dose supplemental vitamin D to avoid complications associated with excessive calcification in your arteries.
https://takecontrol.substack.com/p/magnesium-vitamin-d-supplementation, Now research highlights the vital importance of also taking magnesium in combination with vitamin D. Magnesium the fourth most abundant mineral in your body is a component necessary for the activation of vitamin D and without sufficient amounts of it your body cannot properly utilize the vitamin D you’re taking.
https://takecontrol.substack.com/p/magnesium-vitamin-d-supplementation, 1 2 3 4 This may actually help explain why many need rather high doses of vitamin D to optimize their levels — it could be that they simply have insufficient amounts of magnesium in their system to activate the vitamin D.
https://takecontrol.substack.com/p/magnesium-vitamin-d-supplementation, As noted by coauthor Mohammed Razzaque professor of pathology at Lake Erie College of Osteopathic Medicine in Pennsylvania: 5"People are taking vitamin D supplements but don't realize how it gets metabolized.
https://takecontrol.substack.com/p/magnesium-vitamin-d-supplementation, Without magnesium vitamin D is not really useful. By consuming an optimal amount of magnesium one may be able to lower the risks of vitamin D deficiency and reduce the dependency on vitamin D supplements.
https://takecontrol.substack.com/p/magnesium-vitamin-d-supplementation,” Without Magnesium Vitamin D Supplements May Be IneffectiveAccording to this scientific review 6as many as 50% of Americans taking vitamin D supplements may not get significant benefit as the vitamin D simply gets stored in its inactive form.
https://takecontrol.substack.com/p/magnesium-vitamin-d-supplementation, As reported in the press release by the American Osteopathic Association: 7“… [C]onsumption of vitamin D supplements can increase a person's calcium and phosphate levels even if they remain vitamin D deficient.
https://takecontrol.substack.com/p/magnesium-vitamin-d-supplementation, The problem is people may suffer from vascular calcification if their magnesium levels aren't high enough to prevent the complication.
https://takecontrol.substack.com/p/magnesium-vitamin-d-supplementation, Patients with optimum magnesium levels require less vitamin D supplementation to achieve sufficient vitamin D levels …Deficiency in either of these nutrients is reported to be associated with various disorders including skeletal deformities cardiovascular diseases and metabolic syndrome.
https://takecontrol.substack.com/p/magnesium-vitamin-d-supplementation, While the recommended daily allowance for magnesium is 420 mg for males and 320 mg for females the standard diet in the United States contains only about 50 percent of that amount.
https://takecontrol.substack.com/p/magnesium-vitamin-d-supplementation,As much as half of the total population is estimated to be consuming a magnesium-deficient diet.” Higher Magnesium Intake Lowers Risk of Vitamin D DeficiencyIndeed previous research has indicated that higher magnesium intake helps reduce your risk of vitamin D deficiency — likely by activating more of it.
https://takecontrol.substack.com/p/magnesium-vitamin-d-supplementation, As noted in one 2013 study: 8“Magnesium plays an essential role in the synthesis and metabolism of vitamin D and magnesium supplementation substantially reversed the resistance to vitamin D treatment in patients with magnesium-dependent vitamin-D-resistant rickets … High intake of total dietary or supplemental magnesium was independently associated with significantly reduced risks of vitamin D deficiency and insufficiency respectively.
https://takecontrol.substack.com/p/magnesium-vitamin-d-supplementation,Intake of magnesium significantly interacted with intake of vitamin D in relation to risk of both vitamin D deficiency and insufficiency.
https://takecontrol.substack.com/p/magnesium-vitamin-d-supplementation, Additionally the inverse association between total magnesium intake and vitamin D insufficiency primarily appeared among populations at high risk of vitamin D insufficiency.
https://takecontrol.substack.com/p/magnesium-vitamin-d-supplementation,Furthermore the associations of serum 25(OH)D with mortality particularly due to cardiovascular disease and colorectal cancer were modified by magnesium intake and the inverse associations were primarily present among those with magnesium intake above the median.
https://takecontrol.substack.com/p/magnesium-vitamin-d-supplementation, Our preliminary findings indicate it is possible that magnesium intake alone or its interaction with vitamin D intake may contribute to vitamin D status.
https://takecontrol.substack.com/p/magnesium-vitamin-d-supplementation,” Vitamin D Lowers Mortality Risk of Heart Disease Vitamin D a steroid hormone is vital for the prevention of many diseases including but not limited to Type 2 diabetes age-related macular degeneration (the leading cause of blindness) Alzheimer’s disease heart disease and well over a dozen different types of cancer (including skin cancer).
https://takecontrol.substack.com/p/magnesium-vitamin-d-supplementation, Vitamin D also exhibits its infection-fighting abilities in the treatment of tuberculosis pneumonia colds and flu. Studies have also linked higher vitamin D levels with lowered mortality from all causes.
https://takecontrol.substack.com/p/magnesium-vitamin-d-supplementation, 9 10 11Most recently a Norwegian study 12published in the Journal of Clinical Endocrinology and Metabolism found “a normal intake of vitamin D” significantly reduces your risk of death if you have cardiovascular disease.
https://takecontrol.substack.com/p/magnesium-vitamin-d-supplementation, 13About 4000 patients diagnosed with stable angina pectoris (chest pain caused by coronary heart disease) were followed for 12 years.
https://takecontrol.substack.com/p/magnesium-vitamin-d-supplementation, The average age at the outset of the study was 62. Overall those with vitamin D blood levels between 16.8 and 40 ng/mL (42 to 100 nmol/L) had the lowest mortality risk.
https://takecontrol.substack.com/p/magnesium-vitamin-d-supplementation, Vitamin D Deficiency Could Increase Your COVID-19 Risk by 12x Mounting evidence demonstrates that vitamin D has important roles in regulating the immune system that should reduce COVID-19 risks; primarily by reducing survival and replication of the SARS-CoV-2 virus and by reducing the risks of “cytokine storms” by reducing proinflammatory cytokine production and increasing anti-inflammatory cytokine production.
https://takecontrol.substack.com/p/magnesium-vitamin-d-supplementation, In the comprehensive vitamin D report below — which has been reviewed by many vitamin D scientists for accuracy — I detail how vitamin D works to fight COVID.
https://takecontrol.substack.com/p/magnesium-vitamin-d-supplementation, I consider this the most important paper I’ve ever written andyou can access this paper free here . 14 Evidence Suggests Higher Vitamin D Levels Are Better Interestingly these findings are actually at odds with mounting research showing 40 ng/mL is at the low end of optimal.
https://takecontrol.substack.com/p/magnesium-vitamin-d-supplementation, The new target is 60 to 80 ng/mL but even a level upward of 100 ng/mL appears safe and beneficial for certain conditions especially cancer.
https://takecontrol.substack.com/p/magnesium-vitamin-d-supplementation, For example: Having a serum vitamin D level of 40 ng/mL has been shown to reduce your risk for cancer by 67% compared to having a level of 20 ng/ml or less; most cancers were found to occur in people with a vitamin D blood level between 10 and 40 ng/mL 15 16 Research published in 2005 showed women with vitamin D levels above 60 ng/mL had an 83% lower risk of breast cancer than those with levels below 20 ng/mL 17 A 2007 study found women over 55 who raised their average serum level to 38 ng/mL lowered their risk of all invasive cancers including breast cancer by 77% 18 Other recent research 19has also highlighted the importance of vitamin D for the prevention and treatment of heart disease showing it plays a vital role in protecting and repairing damage to your endothelium.
https://takecontrol.substack.com/p/magnesium-vitamin-d-supplementation, The findings also suggest vitamin D3: Helps trigger production of nitric oxide — a molecule known to play an important signaling role in controlling blood flow and preventing blood clot formation in your blood vesselsSignificantly reduces oxidative stress in your vascular system which is important to help prevent the development and/or progression of cardiovascular diseaseAccording to vitamin D researcher Dr.
https://takecontrol.substack.com/p/magnesium-vitamin-d-supplementation, Michael Holick author of “The Vitamin D Solution: A Three-Step Strategy to Cure Our Most Common Health Problem” vitamin D deficiency — defined as a level below 20 ng/mL — can raise your risk of heart attack by 50%.
https://takecontrol.substack.com/p/magnesium-vitamin-d-supplementation, What’s worse if you have a heart attack while vitamin D deficient your risk of dying is nearly guaranteed. Vitamin D Levels Below 20 ng/mL Are InadequateVitamin D levels below 20 ng/mL have repeatedly been shown to raise your risk for a number of other problems as well including depression 20and Type 2 diabetes.
https://takecontrol.substack.com/p/magnesium-vitamin-d-supplementation, Research suggests 20 ng/mL is not even adequate for the prevention of osteomalacia (softening of your bones).In the case of depression studies have shown that vitamin D deficiency is linked to even mild depression 21and evidence suggests vitamin D deficiency may be a significant driver of the rise we see in both mood and mental disorders such as psychotic 22and obsessive-compulsive 23disorders.
https://takecontrol.substack.com/p/magnesium-vitamin-d-supplementation,As for diabetes an analysis 24by GrassrootsHealth reveals people with a median vitamin D level of 41 ng/mL have a diabetes rate of 3.
https://takecontrol.substack.com/p/magnesium-vitamin-d-supplementation,7 per 1000 whereas those with a median serum level of just 22 ng/mL have a diabetes rate of 9.3 per 1000. In other words raising your level above 40 ng/mL can lower your risk of Type 2 diabetes by nearly 60%.
https://takecontrol.substack.com/p/magnesium-vitamin-d-supplementation, All in all there’s very little reason to believe that a level as low as 16 ng/mL would be protective against death if you have heart disease.
https://takecontrol.substack.com/p/magnesium-vitamin-d-supplementation, Research also shows higher vitamin D levels can help prevent and/or treat: Dry eye syndromes 25 26and macular degeneration 27 28 Autoimmune diseases including psoriasisGastrointestinal diseases 29 Infectious diseases including influenza and HIV 30 31 Inflammatory rheumatic diseases 32such as rheumatoid arthritisOsteoporosis and hip fracturesNeurological diseases such as Alzheimer’s disease 33 34and epilepsy.
https://takecontrol.substack.com/p/magnesium-vitamin-d-supplementation, In one study 35epileptics given a one-time megadose of vitamin D3 ranging from 40000 IUs all the way up to 200000 IUs followed by a daily dose of 2000 to 2600 IUs a day for three months to bring each individual’s vitamin D status to at least 30 ng/mL resulted in significant improvements.
https://takecontrol.substack.com/p/magnesium-vitamin-d-supplementation,Text within this block will maintain its original spacing when publishedTen out of 13 had a decrease in the number of seizures five of whom experienced more than a 50% reduction.
https://takecontrol.substack.com/p/magnesium-vitamin-d-supplementation, Overall the group had a 40% reduction in the number of seizures.Lupus — According to researchers in Cairo 36most patients with systemic lupus erythematosus have some level of vitamin D deficiency defined as a level of 10 ng/mL or less or insufficiency a level between 10 and 30 ng/mL.
https://takecontrol.substack.com/p/magnesium-vitamin-d-supplementation,Obstructive sleep apnea — In one study 98% of patients with sleep apnea had vitamin D deficiency and the more severe the sleep apnea the more severe the deficiency.
https://takecontrol.substack.com/p/magnesium-vitamin-d-supplementation, 37 Falls fractures dental health and more — A 2006 review 38looking at vitamin D intakes and health outcomes such as bone mineral density dental health risk of falls fractures and colorectal cancer found “the most advantageous serum concentrations of 25(OH)D begin at 30 ng/mL and the best are between 36 to 40 ng/mL.
https://takecontrol.substack.com/p/magnesium-vitamin-d-supplementation,”Obesity — Research 39has shown vitamin D supplementation (4000 IUs/day) combined with resistance training helps decrease your waist-to-hip ratio — a measurement that is far better at determining your risk for Type 2 diabetes and heart disease than body mass index.
https://takecontrol.substack.com/p/magnesium-vitamin-d-supplementation,Neurodegenerative diseases including multiple sclerosis (MS). 40Research shows MS patients with higher levels of vitamin D tend to experience less disabling symptoms.
https://takecontrol.substack.com/p/magnesium-vitamin-d-supplementation, 41 Assess Your Vitamin D and Magnesium Levels The best way to optimize your vitamin D level is through sensible sun exposure.
https://takecontrol.substack.com/p/magnesium-vitamin-d-supplementation, Unfortunately this can be difficult for many especially during the winter season and/or if you live in northern regions.
https://takecontrol.substack.com/p/magnesium-vitamin-d-supplementation, If you cannot obtain sufficient amounts of vitamin D through sun exposure taking a supplement is recommended.Remember that the only way to determine how much sun exposure is enough and/or how much vitamin D3 you need to take is to measure your vitamin D level ideally twice a year.
https://takecontrol.substack.com/p/magnesium-vitamin-d-supplementation,The D*Action Project by GrassrootsHealth is a cost-effective way to do this while simultaneously progressing valuable research.
https://takecontrol.substack.com/p/magnesium-vitamin-d-supplementation, To participate simply purchase the D*Action Measurement Kit and follow the registration instructions included.To assess your magnesium level check your RBC magnesium level and track signs and symptoms of magnesium insufficiency to determine how much magnesium you need.
https://takecontrol.substack.com/p/magnesium-vitamin-d-supplementation, Low potassium and calcium are also common laboratory signs indicating magnesium deficiency. The Interplay of Vitamin D Calcium Magnesium and Vitamin K2 When supplementing also remember to take synergistic effects with other nutrients into account.
https://takecontrol.substack.com/p/magnesium-vitamin-d-supplementation, If you take high-dose vitamin D you may also need to increase your intake of:MagnesiumVitamin K2CalciumThese four nutrients — vitamins D and K2 calcium and magnesium — all work in tandem and rely on sufficient amounts of each to work optimally.
https://takecontrol.substack.com/p/magnesium-vitamin-d-supplementation, Lack of balance between these four nutrients is why calcium supplements have become associated with increased risk of heart attack and stroke and why some experience symptoms of vitamin D toxicity.
https://takecontrol.substack.com/p/magnesium-vitamin-d-supplementation, Here’s a summary of some of the most important correlations between these nutrients:Excessive vitamin D in combination with lack of vitamin K2 may cause overabsorption of calcium which in turn may result in calcium deposits in your heart and kidneys.
https://takecontrol.substack.com/p/magnesium-vitamin-d-supplementation, Part of the explanation for these adverse side effects is that vitamin K2 keeps calcium in its appropriate place — in your teeth and bones and out of soft tissues and arteries.
https://takecontrol.substack.com/p/magnesium-vitamin-d-supplementation, Text within this block will maintain its original spacing when publishedWhile the optimal ratios between vitamin D and vitamin K2 have yet to be established taking somewhere between 100 to 200 micrograms (mcg) of K2 is beneficial.
https://takecontrol.substack.com/p/magnesium-vitamin-d-supplementation, Telltale signs of vitamin K2 insufficiency include osteoporosis heart disease and diabetes. You’re also more likely to be deficient if you rarely eat vitamin K2-rich foods (see listing below).
https://takecontrol.substack.com/p/magnesium-vitamin-d-supplementation, Vascular calcification is also a side effect of low magnesium so when taking vitamin D3 you need both vitamin K2 and magnesium to make sure everything is working properly.
https://takecontrol.substack.com/p/magnesium-vitamin-d-supplementation, Maintaining an appropriate calcium-to-magnesium ratio is also important as magnesium helps keep calcium in your cells so they can function better.
https://takecontrol.substack.com/p/magnesium-vitamin-d-supplementation, Based on your personal health needs an ideal ratio of calcium-to-magnesium may vary from 1-to-1 to an optimal 1-to-2. 42 43Magnesium and vitamin K2 also complement each other as magnesium helps lower blood pressure which is an important component of heart disease.
https://takecontrol.substack.com/p/magnesium-vitamin-d-supplementation, Eat a Varied Diet and Get Sensible Sun Exposure The take-home message is that anytime you’re taking supplemental magnesium calcium vitamin D3 or vitamin K2 you must take all the others into consideration as well.
https://takecontrol.substack.com/p/magnesium-vitamin-d-supplementation, While supplements can be helpful in some instances your best and safest bet is to simply eat more calcium- magnesium- and vitamin K2-rich foods along with sensible sun exposure.
https://takecontrol.substack.com/p/magnesium-vitamin-d-supplementation,Food-derived nutrition is typically going to be the most beneficial and this is particularly true for calcium. When you take a biologically foreign form of calcium or when your body's ability to direct calcium to the right places becomes impaired (as when you are deficient in vitamin K2 and/or magnesium) calcium is deposited where it shouldn't be such as in your arteries.
https://takecontrol.substack.com/p/magnesium-vitamin-d-supplementation,It's more likely your body can use calcium correctly if it's plant-derived calcium. Here’s a quick summary of foods known to be high in these important nutrients: Vitamin K2 — Grass fed organic animal products such as eggs and butter fermented foods such as natto goose liver pâté and vitamin K2-rich cheeses such as Brie and GoudaMagnesium — Almonds and cashews bananas broccoli and Brussels sprouts brown rice free-range pastured egg yolk flaxseed grass fed raw milk mushrooms pumpkin seeds sesame seeds sunflower seeds and leafy green vegetables especially spinach Swiss chard turnip greens beet greens collard greens kale Bok Choy and romaine lettuceCalcium — Raw milk from grass fed cows (who eat plants) leafy green vegetables the pith of citrus fruits carob and wheatgrass Access this content 48 hours faster by subscribing to the FREE Mercola Health Newsletter today.
https://takecontrol.substack.com/p/magnesium-vitamin-d-supplementation,Subscribe to Mercola NewsletterDisclaimer: The entire contents of this website are based upon the opinions of Dr. Mercola unless otherwise noted.
https://takecontrol.substack.com/p/magnesium-vitamin-d-supplementation, Individual articles are based upon the opinions of the respective author who retains copyright as marked. The information on this website is not intended to replace a one-on-one relationship with a qualified health care professional and is not intended as medical advice.
https://takecontrol.substack.com/p/magnesium-vitamin-d-supplementation, It is intended as a sharing of knowledge and information from the research and experience of Dr. Mercola and his community.
https://takecontrol.substack.com/p/magnesium-vitamin-d-supplementation, Dr. Mercola encourages you to make your own health care decisions based upon your research and in partnership with a qualified health care professional.
https://takecontrol.substack.com/p/magnesium-vitamin-d-supplementation, The subscription fee being requested is for access to the articles and information posted on this site and is not being paid for any individual medical advice.
https://takecontrol.substack.com/p/magnesium-vitamin-d-supplementation,If you are pregnant nursing taking medication or have a medical condition consult your health care professional before using products based on this content.
https://takecontrol.substack.com/p/magnesium-vitamin-d-supplementation,1Live Science February 26 20182Medicalxpress.com February 27 20183News-Medical.net February 26 20184Wellandgood.com February 26 20185Eurekalert February 27 20186Journal of the American Osteopathic Association March 2018; 118: 181-1897Eurekalert February 27 20188BMC Medicine 2013; 11: 1879Institute of Medicine Committee to Review Dietary Reference Intakes for Vitamin D &amp; Calcium Dietary Reference Intakes for Calcium &amp; Vitamin D 201110J Clin Endocrinol Metab 2013;98:2160-216711PLOS One 2013: 8(12); e8210912Journal of Clinical Endocrinology and Metabolism January 9 2018 jc2017-0232813Medicalxpress.
https://takecontrol.substack.com/p/magnesium-vitamin-d-supplementation,com March 1 201814Vitamin D in the Prevention of COVID-1915PLOS ONE 2016; 11 (4): e015244116Oncology Nurse Advisor April 22 201617European Journal of Cancer 2005 May;41(8):1164-918American Journal of Clinical Nutrition June 2007; 85(6): 1586-159119International Journal of Nanomedicine January 19.
https://takecontrol.substack.com/p/magnesium-vitamin-d-supplementation, 2018; 2018(13): 455-46620Issues Mental Health Nursing June 2010; 31(6): 385-39321Molecular Psychiatry 19 444–451 (2014).
https://takecontrol.substack.com/p/magnesium-vitamin-d-supplementation, April 9 201322Journal of Clinical Psychiatry 2017 Jul;78(7):e750-e75723Psychiatry Research August 2017; 254: 232-23724Grassrootshealth.
https://takecontrol.substack.com/p/magnesium-vitamin-d-supplementation,net Vitamin D for Diabetes25International Journal of Rheumatic Diseases August 13 2015 DOI: 10.1111/1756-185X.1272726Endocrinology Advisor August 24 201527JAMA Ophthalmology August 27 2015;133(10):1171-117928Epoch Times September 2 201529Scientific Reports 10.
https://takecontrol.substack.com/p/magnesium-vitamin-d-supplementation, Article number: 21641 (2020) December 10 202030Greensboro.com July 27 201531Scidev.net July 24 201532Intechopen Vitamin D in Rheumatic Diseases.
https://takecontrol.substack.com/p/magnesium-vitamin-d-supplementation, August 8 201933The Journals of Geriontology 2012 Nov;67(11):1205-1134Vitamin D Council April 23 201235Epilepsy and Behavior 2012 May;24(1):131-336Healio September 4 201537Bel Marra Health May 3 201638American Journal of Clinical Nutrition July 2006: 84(1); 18-2839Clinical Nutrition September 3 201240PLOS Medicine August 25 2015 DOI: 10.
https://takecontrol.substack.com/p/benefits-of-vitamin-d-against-covid,1371/journal.pmed.100186641Reliawire December 31 201542Emerson Ecologics. The Importance of the Calcium Magnesium Ratio43Current Developments in Nutrition Volume 3 Issue Supplement_1 June 2019`"STORY AT-A-GLANCE Since December 2021 four large systematic meta-analyses have been published looking at either vitamin D levels supplementation or both.
https://takecontrol.substack.com/p/benefits-of-vitamin-d-against-covid, In all cases the data consistently show that low vitamin D levels raise your risk of COVID while higher baseline levels and/or supplementation lowers all risks by 1.
https://takecontrol.substack.com/p/benefits-of-vitamin-d-against-covid,5 to three timesIn the first of these four meta-analyses the odds of developing COVID-19 among those with deficient or insufficient vitamin D levels were 1.
https://takecontrol.substack.com/p/benefits-of-vitamin-d-against-covid,46 times higher than those with sufficient vitamin D. Their risk of severe disease was also 1.9 times higher and their risk of death 2.
https://takecontrol.substack.com/p/benefits-of-vitamin-d-against-covid,07 times higherIn the second study the odds of ICU admission based on vitamin D status were 2.63 times higher among those with severe vitamin D deficiency 2.
https://takecontrol.substack.com/p/benefits-of-vitamin-d-against-covid,16 times higher among those with deficiency and 2.83 times higher among those with insufficient levels. Mortality was also much higher in all patients with low levelsIn the third analysis only 12.
https://takecontrol.substack.com/p/benefits-of-vitamin-d-against-covid,19% of COVID patients who received vitamin D required ICU admission compared to 26.27% of those who did not get vitamin DThe fourth and most recent analysis found “significant associations of vitamin D supplementation with COVID-19 encompassing risks of disease worsening and mortality” especially in seasons characterized by vitamin D deficiency and in patients with mild to moderate infection At this point there is simply no question that vitamin D optimization is a crucial component of COVID-19 prevention and treatment.
https://takecontrol.substack.com/p/benefits-of-vitamin-d-against-covid, In addition to the many studies published during 2020 and 2021 since December 2021 four large systematic meta-analyses 1 2have been published looking at either vitamin D levels supplementation or both.
https://takecontrol.substack.com/p/benefits-of-vitamin-d-against-covid, In all cases the data consistently show that low vitamin D levels raises your risk of COVID while higher baseline levels and/or supplementation lowers all risks by 1.
https://takecontrol.substack.com/p/benefits-of-vitamin-d-against-covid,5 to three times. Therapeutic Role of Vitamin D in COVIDIn the first of these four meta-analyses “Prognostic and Therapeutic Role of Vitamin D in COVID-19: Systematic Review and Meta-Analysis” 3published December 11 2021 the researchers sought to determine “the association between vitamin D deficiency/insufficiency and susceptibility to COVID-19 its severity mortality and role of vitamin D in its treatment.
https://takecontrol.substack.com/p/benefits-of-vitamin-d-against-covid,” A total of 72 observational studies covering 1976099 patients met the criteria for inclusion. Compared to those with sufficient vitamin D the odds of developing COVID-19 among those with deficient or insufficient vitamin D levels were 1.
https://takecontrol.substack.com/p/benefits-of-vitamin-d-against-covid,46 times higher. Their risk of severe disease was also 1.9 times higher and their risk of death 2.07 times higher. One potential drawback was that all studies ranked “high” for risk of bias.
https://takecontrol.substack.com/p/benefits-of-vitamin-d-against-covid, The studies also differed in their definitions of severe illness and vitamin D deficiency/insufficiency making absolute comparisons difficult.
https://takecontrol.substack.com/p/benefits-of-vitamin-d-against-covid, That said the authors concluded: 4“Multiple observational studies involving nearly two million adults suggest vitamin D deficiency/insufficiency increases susceptibility to COVID-19 and severe COVID-19 although with a high risk of bias and heterogeneity.
https://takecontrol.substack.com/p/benefits-of-vitamin-d-against-covid, Association with mortality was less robust.” Vitamin D Status and Clinical OutcomesIn the second study “Vitamin D Status and SARS-CoV-2 Infection and COVID-19 Clinical Outcomes” 5published December 22 2021 the researchers assessed “whether vitamin D status is associated with the COVID-19 severity defined as ARDS requiring admission to intensive care unit (ICU) or mortality (primary endpoints) and with the susceptibility to SARS-CoV-2 and COVID-19-related hospitalization (secondary endpoints).
https://takecontrol.substack.com/p/benefits-of-vitamin-d-against-covid,” Here they included 54 observational studies (1403715 patients) that measured the association between vitamin D status and risk of COVID infection hospitalization ICU admission and death during hospitalization.
https://takecontrol.substack.com/p/benefits-of-vitamin-d-against-covid, The measures for vitamin D status were as follows:Insufficiency — less than 75 nmol/L (30 ng/mL)Deficiency — less than 50 nmol/L (20 ng/mL)Severe deficiency — less than 25 nmol/L (10 ng/mL)Seventeen studies reported the association between vitamin D status and SARS-CoV-2 infection; nine reported the association with COVID-19 related hospitalization 27 reported COVID-19-related ICU admission and 35 reported COVID-19 related mortality.
https://takecontrol.substack.com/p/benefits-of-vitamin-d-against-covid, In summary the odds of ICU admission based on vitamin D status were as follows:Severe deficiency — 2.63 times higherDeficiency — 2.
https://takecontrol.substack.com/p/benefits-of-vitamin-d-against-covid,16 times higherInsufficiency — 2.83 times higher Those with severe deficiency were also 1.68 times more likely to test positive; those with deficiency were 1.
https://takecontrol.substack.com/p/benefits-of-vitamin-d-against-covid,83 times more likely to test positive; and those with insufficiency were 1.49 times more likely to test positive. In conclusion the authors stated: 6“Patients with low vitamin D levels present an increased risk of ARDS requiring admission to intensive care unit (ICU) or mortality due to SARS-CoV-2 infection and a higher susceptibility to SARS-CoV-2 infection and related hospitalization.
https://takecontrol.substack.com/p/benefits-of-vitamin-d-against-covid,” The Effect of Vitamin D SupplementationThe third study “The Effect of Vitamin D Supplementation on Mortality and Intensive Care Unit Admission of COVID-19 Patients.
https://takecontrol.substack.com/p/benefits-of-vitamin-d-against-covid, A Systematic Review Meta-Analysis and Meta-Regression” 7was published in May 2022.“The effect of vitamin D supplementation was found to be quite significant — 12.
https://takecontrol.substack.com/p/benefits-of-vitamin-d-against-covid,19% of patients who received vitamin D required ICU admission compared to 26.27% of those who did not get vitamin D.” Six studies involving 860 patients had data on ICU admission.
https://takecontrol.substack.com/p/benefits-of-vitamin-d-against-covid, Of those 860 patients 369 received vitamin D supplementation and 491 did not and the effect of vitamin D supplementation was found to be quite significant — 12.
https://takecontrol.substack.com/p/benefits-of-vitamin-d-against-covid,19% of patients who received vitamin D required ICU admission compared to 26.27% of those who did not get vitamin D.The data in all six studies strongly favored vitamin D.
https://takecontrol.substack.com/p/benefits-of-vitamin-d-against-covid, The ideal dose however remains uncertain as no linear relationship between dose and odds ratio of ICU admission was observed.
https://takecontrol.substack.com/p/benefits-of-vitamin-d-against-covid, Vitamin D and SARS-CoV-2 Infection Severity and MortalityThe fourth and most recent study “Vitamin D and SARS-CoV-2 Infection Severity and Mortality: A Systematic Review and Meta-Analysis” 8was published July 6 2022 in PLOS ONE.
https://takecontrol.substack.com/p/benefits-of-vitamin-d-against-covid,Here they looked at COVID-19 in relation both to baseline vitamin D status and supplementation. Thirty-eight studies — including two randomized controlled trials — were included that had risk estimates for at least one endpoint (risk of infection severity and/or mortality).
https://takecontrol.substack.com/p/benefits-of-vitamin-d-against-covid, In all data on vitamin D status was available for 205565 patients and 2022 who were given vitamin D supplementation.
https://takecontrol.substack.com/p/benefits-of-vitamin-d-against-covid, According to the authors: 9“Random effects models showed that supplementation was associated with a significant lower risk of both COVID-19 severe disease (SRR 0.
https://takecontrol.substack.com/p/benefits-of-vitamin-d-against-covid,38 95% CI 0.20-0.72 6 studies) and mortality (SRR 0.35 95% CI 0.17-0.70 8 studies).There were no statistically significant dose differences between studies: summary estimates with regular doses remain statistically significant suggesting that higher doses are not necessary.
https://takecontrol.substack.com/p/benefits-of-vitamin-d-against-covid, For patients on vitamin D supplementation a greater reduction in mortality risk emerged in older individuals and at higher latitudes.
https://takecontrol.substack.com/p/benefits-of-vitamin-d-against-covid,Regarding the quality of studies assessed using the New Castle-Ottawa quality scale the analysis revealed in most cases no statistically significant differences between low medium or high quality studies.
https://takecontrol.substack.com/p/benefits-of-vitamin-d-against-covid,We found significant associations of vitamin D supplementation with COVID-19 encompassing risks of disease worsening and mortality especially in seasons characterized by 25OHD deficiency and with not severe patients.
https://takecontrol.substack.com/p/benefits-of-vitamin-d-against-covid,” Why Randomized Controlled Trials Are Not RequiredAs noted by in a Twitter thread by Karl Pfleger Ph.D. the data clearly show vitamin D is strongly correlated with all COVID-19 risks and we do not actually need randomized controlled trials to draw this conclusion: 10“Most underlying studies are observational but at the very least knowledge of whether someone supplements D or of their D status is strongly predictive of their COVID risks/outcomes.
https://takecontrol.substack.com/p/benefits-of-vitamin-d-against-covid, As I've noted previously RCTs are not required for this conclusion to be sound &amp; unquestionable. This establishes a risk factor &amp; most other well known COVID risks factors are also based entirely on observational data.
https://takecontrol.substack.com/p/benefits-of-vitamin-d-against-covid,The data showing age above-normal-weight &amp; comorbidities are significant risk factors is also based entirely on correlation.
https://takecontrol.substack.com/p/benefits-of-vitamin-d-against-covid, No RCTs establish these as risk factors but no one questions that they are. VDD [vitamin D deficiency] should be thought of as another comorbidity just like diabetes.
https://takecontrol.substack.com/p/benefits-of-vitamin-d-against-covid,” Indeed at this point the importance of vitamin D in the fight against COVID ought to be common knowledge everywhere especially in health care circles.
https://takecontrol.substack.com/p/benefits-of-vitamin-d-against-covid, Yet the surgeon general of Florida Joseph Ladapo is the only public health official who is actually recommending vitamin D optimization for COVID.
https://takecontrol.substack.com/p/benefits-of-vitamin-d-against-covid, 11 This is crazy as the effects of vitamin D were evident very early on in the pandemic. I launched an information campaign about vitamin D back in June 2020 which included the release of a downloadable scientific report that detailed the science behind vitamin D.
https://takecontrol.substack.com/p/benefits-of-vitamin-d-against-covid, This report as well as a two-minute COVID risk quiz is available onStopCovidCold.com .In December 2020 more than 100 doctors scientists Ph.
https://takecontrol.substack.com/p/benefits-of-vitamin-d-against-covid,D.’s and leading authorities from 33 countries also signed an open letter 12to the governments and health officials of the world calling for the use of vitamin D against COVID.
https://takecontrol.substack.com/p/benefits-of-vitamin-d-against-covid, Since then the list of signatories has grown to 220. The letter recommended taking enough vitamin D to achieve a blood level of at least 30 ng/mL (75 nmol/L) urged testing of all hospitalized COVID-19 patients and adding vitamin D to the treatment protocol for any patient whose level was below 30 ng/mL.
https://takecontrol.substack.com/p/benefits-of-vitamin-d-against-covid,Not only did health agencies roundly ignore this sound advice but they also publicly tried to discredit the notion that vitamin D could have any benefit at all and attacked anyone sharing the good news about vitamin D.
https://takecontrol.substack.com/p/benefits-of-vitamin-d-against-covid,As just one example in the summer of 2020 the Center for Science in the Public Interest (CSPI) a self-proclaimed consumer advocacy group bankrolled by the Rockefeller Foundation among others launched a campaign against Mercola.
https://takecontrol.substack.com/p/benefits-of-vitamin-d-against-covid,com. The CSPI falsely accused me of “profiteering from the pandemic” by selling nutritional supplements including vitamin D while sharing scientific truth about its benefits.
https://takecontrol.substack.com/p/benefits-of-vitamin-d-against-covid, The campaign culminated in a warning letter from the U.S. Food and Drug Administration in which they warned me to stop talking about vitamin D.
https://takecontrol.substack.com/p/benefits-of-vitamin-d-against-covid, I reviewed this censorship attempt in “ Why Is Info on COVID and Vitamin D Deficiency Suppressed? ”The fact of the matter is data show vitamin D supplementation lowers your risk of a positive test speeds viral clearance slows the spread of infection and lowers your risk of severe infection hospitalization and death as summarized in “ Vitamin D Deficiency and COVID-19 Severity ” and many other articles.
https://takecontrol.substack.com/p/benefits-of-vitamin-d-against-covid,Mechanisms Behind Vitamin DAt the end of October 2020 I published my own vitamin D review 13in the peer-reviewed journal Nutrients co-written with William Grant Ph.
https://takecontrol.substack.com/p/benefits-of-vitamin-d-against-covid,D. and Dr. Carol Wagner both of whom are part of the GrassrootsHealth expert vitamin D panel. You canread the paper for free on the journal's website .
https://takecontrol.substack.com/p/benefits-of-vitamin-d-against-covid, As noted in that paper dark skin color increased age preexisting chronic conditions and vitamin D deficiency are all features of severe COVID disease and of these vitamin D deficiency is the only factor that is readily and easily modifiable.
https://takecontrol.substack.com/p/benefits-of-vitamin-d-against-covid,You may be able to reverse chronic disease but that typically takes time. Optimizing your vitamin D on the other hand can be achieved in just a few weeks thereby significantly lowering your risk of severe COVID-19.
https://takecontrol.substack.com/p/benefits-of-vitamin-d-against-covid, In our paper we review several of the mechanisms by which vitamin D can reduce your risk of COVID-19 and other respiratory infections including but not limited to the following: 14 Reducing the survival and replication of viruses 15and inflammatory cytokine production Maintaining endothelial integrity — Endothelial dysfunction contributes to vascular inflammation and impaired blood clotting two hallmarks of severe COVID-19Increasing angiotensin-converting enzyme 2 (ACE2) concentrations which prevents the virus from entering cells via the ACE2 receptor — ACE2 is downregulated by SARS-CoV-2 infection and by increasing ACE2 you also avoid excessive accumulation of angiotensin II a peptide hormone known to increase the severity of COVID-19Vitamin D is also an important component of COVID-19 prevention and treatment for the fact that it: Boosts your overall immune function by modulating your innate and adaptive immune responses and reduces respiratory distress 16and improves overall lung function Regulates inflammatory cytokine production which is one of the lethal hallmarks of COVID-19 Helps produce surfactants in your lungs that aid in fluid clearance 17and lowers your risk of comorbidities including obesity 18Type 2 diabetes 19high blood pressure 20and heart disease 21 Data from 14 observational studies — summarized in Table 1 of our paper 22— suggest that vitamin D blood levels are inversely correlated with the incidence and/or severity of COVID-19 and importantly that the evidence currently available generally satisfies Hill's criteria for causality in a biological system.
https://takecontrol.substack.com/p/benefits-of-vitamin-d-against-covid, 23 Why Sun Exposure Is the Best Way to Optimize Vitamin D The ideal way to optimize your vitamin D level is by exposing large portions of bare skin to the sun.
https://takecontrol.substack.com/p/benefits-of-vitamin-d-against-covid, I take an hour-long walk during solar noon every day wearing just shorts and a baseball cap and have not needed oral vitamin D supplementation for over 13 years.
https://takecontrol.substack.com/p/benefits-of-vitamin-d-against-covid,This is not some theoretical obsession I have. I am now beyond convinced that swallowing vitamin D is exponentially inferior to getting it from the sun.
https://takecontrol.substack.com/p/benefits-of-vitamin-d-against-covid, I would encourage you to do everything in your power to get it from the sun. And when you get it from the sun you should not be swallowing it.
https://takecontrol.substack.com/p/benefits-of-vitamin-d-against-covid,It is important to regularly check your vitamin D levels to see how you are doing with your program. Ideally your level should be between 60 ng/mL and 80 ng/mL.
https://takecontrol.substack.com/p/benefits-of-vitamin-d-against-covid, Last week my vitamin D level was 100 the first time ever in my life I was in the triple digits and all with no oral supplementation for over a dozen years.
https://takecontrol.substack.com/p/benefits-of-vitamin-d-against-covid, Remember vitamin D is a biomarker for all the good things the sun does for you.I believe this is largely because I was diligent this year to time the middle of my daily walk around solar noon.
https://takecontrol.substack.com/p/benefits-of-vitamin-d-against-covid, Since I live in FL which practices daylight savings time solar noon is 1 PM. So I typically start my walk around 12:30 and finish around 70-90 minutes later.
https://takecontrol.substack.com/p/benefits-of-vitamin-d-against-covid, Last year I went out 1-2 hours earlier and my levels were only around 70 so you can see the importance of timing.Sun exposure also provides other biological health benefits over and beyond vitamin D production.
https://takecontrol.substack.com/p/benefits-of-vitamin-d-against-covid, If the science of sun exposure interests you check out Dr. Roger Seheult’s MedCram lecture above. In it he explains the ins and outs of how sunlight impacts your health.
https://takecontrol.substack.com/p/benefits-of-vitamin-d-against-covid, One really important health benefit you can only get from sunlight and not oral supplementation is mitochondrial melatonin production.
https://takecontrol.substack.com/p/benefits-of-vitamin-d-against-covid, The best review of the sun’s effect on melatonin is the February 2020 paper 24“Melatonin in Mitochondria: Mitigating Clear and Present Dangers” published in the Physiology journal.
https://takecontrol.substack.com/p/benefits-of-vitamin-d-against-covid, It’s written by the best researcher in melatonin Russel Reiter Ph.D. Reiter’s key finding is that 95% of the melatonin your body produces is made inside your mitochondria in response to near-infrared (IR) radiation from the sun or other near IR sources.
https://takecontrol.substack.com/p/benefits-of-vitamin-d-against-covid, Only 5% of melatonin is produced in your pineal gland. Melatonin is amaster hormone  25a potent antioxidant 26and antioxidant recycler 27and a master regulator of inflammation and cell death.
https://takecontrol.substack.com/p/benefits-of-vitamin-d-against-covid, 28These functions are part of what makes melatonin such an important anticancer molecule. 29So to produce melatonin inside your mitochondria actually makes perfect sense as your mitochondria desperately need protection from the damage caused by oxidative stress produced in the electron transport chain.
https://takecontrol.substack.com/p/benefits-of-vitamin-d-against-covid,In summary your mitochondria produce ATP the energy currency of your cells. A byproduct of this ATP production is reactive oxidative species (ROS) which are responsible for oxidative stress.
https://takecontrol.substack.com/p/benefits-of-vitamin-d-against-covid, Excessive amounts of ROS will damage your mitochondria contributing to suboptimal health inflammation and chronic health conditions such as diabetes obesity and thrombosis (blood clots).
https://takecontrol.substack.com/p/benefits-of-vitamin-d-against-covid,The good news is your body has a built-in way to counteract these ROS. Inside your mitochondria you also have an antioxidant system and the main antioxidant is melatonin.
https://takecontrol.substack.com/p/benefits-of-vitamin-d-against-covid, Melatonin also upregulates your glutathione pathway which is another potent antioxidant pathway shown to play an important role in COVID.
https://takecontrol.substack.com/p/benefits-of-vitamin-d-against-covid, Like vitamin Dglutathione deficiency is associated with COVID severity . In short your body is well-designed to address oxidative stress but you need sun exposure in order for that mechanism to work.
https://takecontrol.substack.com/p/benefits-of-vitamin-d-against-covid, One aspect of sun exposure that Seheult did not mention was that it will also increase your testosterone levels naturally.
https://takecontrol.substack.com/p/benefits-of-vitamin-d-against-covid, Most people aren’t aware that the highest hormone concentration in men and women is testosterone. Obviously levels are far lower in women but testosterone is higher than estrogen in women and it is important for optimal biological function — just one more reason why you want to aim for daily sun exposure on as much skin as possible.
https://takecontrol.substack.com/p/benefits-of-vitamin-d-against-covid,Also remember it is not the sun that is the primary cause of sunburn and skin cancer: It is elevated linoleic acid (LA) in the seeds nuts and seed oils you consume.
https://takecontrol.substack.com/p/benefits-of-vitamin-d-against-covid, LA should only be 1% to 2% of daily calories and it is over 20% in most people. It takes years to lower your LA levels as it stays in your body for about seven years so start eliminating it from your diet today.
https://takecontrol.substack.com/p/benefits-of-vitamin-d-against-covid, Guidance for Oral Vitamin D SupplementationIf you do opt for oral supplementation as an absolute last resort there are additional considerations to take into account.
https://takecontrol.substack.com/p/benefits-of-vitamin-d-against-covid, For example you need 244% more oral vitamin D if you’re not also taking magnesium and vitamin K2 30so these three should ideally be taken together.
https://takecontrol.substack.com/p/benefits-of-vitamin-d-against-covid, You can learn more about this in “ Magnesium and K2 Optimize Your Vitamin D Supplementation .” Remember the most crucial factor when it comes to vitamin D is your blood level not the dose as the dose you need is dependent on several individual factors including your baseline blood level.
https://takecontrol.substack.com/p/benefits-of-vitamin-d-against-covid, The level to shoot for is between 60 ng/mL and 80 ng/mL (150 nmol/L to 200 nmol/L); 40 ng/mL should be considered the low-end cutoff.
https://takecontrol.substack.com/p/benefits-of-vitamin-d-against-covid, Before you start oral supplementation you’ll want to get a baseline measurement. One of the easiest and most cost-effective ways of measuring your vitamin D level is to participate in theGrassrootsHealth’spersonalized nutrition project which includes a vitamin D testing kit.
https://takecontrol.substack.com/p/benefits-of-vitamin-d-against-covid, Once you know what your blood level is you can assess the dose needed to maintain or improve your level. The chart below can be helpful.
https://takecontrol.substack.com/p/benefits-of-vitamin-d-against-covid, Be sure to remeasure your vitamin D level in three to six months to evaluate how your sun exposure and/or supplement dose is working for you and adjust accordingly.
https://takecontrol.substack.com/p/benefits-of-vitamin-d-against-covid,Access this content 48 hours faster by subscribing to the FREE Mercola Health Newsletter today.Subscribe to Mercola NewsletterDisclaimer: The entire contents of this website are based upon the opinions of Dr.
https://takecontrol.substack.com/p/benefits-of-vitamin-d-against-covid, Mercola unless otherwise noted. Individual articles are based upon the opinions of the respective author who retains copyright as marked.
https://takecontrol.substack.com/p/benefits-of-vitamin-d-against-covid, The information on this website is not intended to replace a one-on-one relationship with a qualified health care professional and is not intended as medical advice.
https://takecontrol.substack.com/p/benefits-of-vitamin-d-against-covid, It is intended as a sharing of knowledge and information from the research and experience of Dr. Mercola and his community.
https://takecontrol.substack.com/p/benefits-of-vitamin-d-against-covid, Dr. Mercola encourages you to make your own health care decisions based upon your research and in partnership with a qualified health care professional.
https://takecontrol.substack.com/p/benefits-of-vitamin-d-against-covid, The subscription fee being requested is for access to the articles and information posted on this site and is not being paid for any individual medical advice.
https://takecontrol.substack.com/p/benefits-of-vitamin-d-against-covid,If you are pregnant nursing taking medication or have a medical condition consult your health care professional before using products based on this content.
https://takecontrol.substack.com/p/benefits-of-vitamin-d-against-covid,1Google Docs by Karl Pfleger Ph.D. Meta Analyses List2Twitter Karl Pfleger August 11 20223J. Clin. Endcrinol. Metab. December 11 2021; dgab8924J.
https://takecontrol.substack.com/p/benefits-of-vitamin-d-against-covid, Clin. Endcrinol. Metab. December 11 2021; dgab8925Front. Public Health December 22 2021; 9: 7366656Front. Public Health December 22 2021; 9: 7366657Diabetes Metab.
https://takecontrol.substack.com/p/benefits-of-vitamin-d-against-covid, Res. Rev. May 2022; 38(4): e35178PLOS ONE July 6 2022; 17(7): e02683969PLOS ONE July 6 2022; 17(7): e026839610Twitter Karl Pfleger11Flgov.
https://takecontrol.substack.com/p/benefits-of-vitamin-d-against-covid,com December 17 202112VitaminD4all.com December 7 202013Nutrients October 31 2020;12 3361; DOI: 10.3390/nu1211336114Nutrients October 31 2020;12 3361; DOI: 10.
https://takecontrol.substack.com/p/benefits-of-vitamin-d-against-covid,3390/nu1211336115Nutrients 2020;12:98816Advances in Pharmacological Sciences 2018; 2018: 849481617ATS Journals October 5 2010; 183(10)18Medicina 2019 Sep; 55(9): 54119Diabetes.
https://takecontrol.substack.com/p/benefits-of-vitamin-d-against-covid,co.uk January 15 201920The Lancet Diabetes &amp; Endocrinology September 1 2014; 2(9): 682-68421Current Treatment Options in Cardiovascular Medicine 2012 Aug; 14(4): 414–42422Nutrients October 31 2020;12 3361; DOI: 10.
https://takecontrol.substack.com/p/benefits-of-vitamin-d-against-covid,3390/nu1211336123Nutrients October 31 2020;12 3361; DOI: 10.3390/nu12113361 Table 324Physiology February 5 2020 DOI: 10.
https://takecontrol.substack.com/p/benefits-of-vitamin-d-against-covid,1152/physiol.00034.201925Indian J. Exp Biol. May 1996; 34(5): 391-40226Frontiers in Pharmacology August 21 2020 DOI: 10.
https://takecontrol.substack.com/p/cnn-coronavirus-vitamin-d,3389/fphar.2020.0122027Allergy Research Group Melatonin the Antioxidant Recycler28Cell Death &amp; Disease 2019; 10 article number 31729Oncotarget June 13 2017; 8(24): 39896–3992130GrassrootsHealth Magnesium and Vitamin K2 Combined Important for Vitamin D Levels"`STORY AT-A-GLANCE May 27 2020 CNN published an article that could have deadly consequences if believed.
https://takecontrol.substack.com/p/cnn-coronavirus-vitamin-d, It claims taking vitamin D supplements “can hurt a lot” as “too much vitamin D can lead to a toxic buildup of calcium in your blood causing confusion disorientation and problems with heart rhythm as well as bone pain kidney damage and painful kidney stones.
https://takecontrol.substack.com/p/cnn-coronavirus-vitamin-d,” CNN does not specify what “too much” vitamin D actually isHypercalcemia (calcium buildup) is caused by insufficient vitamin K2 in relation to vitamin D not vitamin D per se.
https://takecontrol.substack.com/p/cnn-coronavirus-vitamin-d, Vitamin K2 deficiency is what causes “vitamin D toxicity” symptoms but CNN does not explain this known factReviews of published trials have demonstrated there are no toxicity symptoms — including hypercalcemia — at dosages up to 10000 IU of vitamin D3 per day even when used long-termCase histories of patients with hypercalcemia and vitamin D toxicity reveal they were taking between 3.
https://takecontrol.substack.com/p/cnn-coronavirus-vitamin-d,6 million IUs and 210 million IUs over the course of one to four months. That means taking 30000 IUs of vitamin D per day for 120 days on the lowest end or 7 million IUs a day for 30 days on the extreme upper endCNN also cites a British expert saying “there’s no evidence that very high vitamin D levels are protective against COVID-19.
https://takecontrol.substack.com/p/cnn-coronavirus-vitamin-d,” This despite several recent reports showing vitamin D levels appear to play an important role in your risk of testing positive for COVID-19 as well as your risk of severe infection and death Advertisement ℹ️ From Dr.
https://takecontrol.substack.com/p/cnn-coronavirus-vitamin-d, Joseph MercolaSince COVID-19 first entered the scene exchange of ideas has basically been outlawed. By sharing my views and those from various experts throughout the pandemic on COVID treatments and the experimental COVID jabs I became a main target of the White House the political establishment and the global cabal.
https://takecontrol.substack.com/p/cnn-coronavirus-vitamin-d,Propaganda and pervasive censorship have been deployed to seize control over every part of your life including your health finances and food supply.
https://takecontrol.substack.com/p/cnn-coronavirus-vitamin-d, The major media are key players and have been instrumental in creating and fueling fear.I am republishing this article in its original form so that you can see how the progression unfolded.
https://takecontrol.substack.com/p/cnn-coronavirus-vitamin-d, Originally published: June 8 2020May 31 2020 I postedan interview with three vitamin D expertsin which we discuss the importance of vitamin D for preventing COVID-19 infection.
https://takecontrol.substack.com/p/cnn-coronavirus-vitamin-d, A few days earlier May 27 CNN published a report1 that could have deadly consequences if believed claiming taking vitamin D supplements "can hurt a lot.
https://takecontrol.substack.com/p/cnn-coronavirus-vitamin-d," The article was written by Sandee LaMotte — a medical producer and writer for CNN and executive producer of video at pharma-biased WebMD.
https://takecontrol.substack.com/p/cnn-coronavirus-vitamin-d, Three other CNN reporters Emma Reynolds Shelby Lin Erdman and Rob Picheta also contributed to the story. The article quotes Robin May director of the British Institute of Microbiology and Infection as saying: 2"To date there is no evidence that very high vitamin D levels are protective against COVID-19 and consequently medical guidance is that people should not be supplementing their vitamin D levels beyond those which are currently recommended by published medical advice.
https://takecontrol.substack.com/p/cnn-coronavirus-vitamin-d,"CNN Cites Vitamin D Recommendations Known To Be Incorrect LaMotte cites dosing recommendations from the Institute of Medicine's National Academies' Food and Nutrition Board — a nongovernmental organization — which advises a daily dose of just 600 IUs for anyone over the age of 4 and 800 IUs for those over 70.
https://takecontrol.substack.com/p/cnn-coronavirus-vitamin-d, In the U.K. the daily dose is a meager 400 IUs a day. Nowhere does the article mention that the IOM's dosage recommendations are based on the levels thought to be adequate only for bone health.
https://takecontrol.substack.com/p/cnn-coronavirus-vitamin-d, 3They do not take into account the amount of vitamin D you need to prevent influenza heart- or liver- disease respiratory infections cancer or any of the many other diseases that have a clearly documented link to vitamin D deficiency.
https://takecontrol.substack.com/p/cnn-coronavirus-vitamin-d,LaMotte also fails to mention that the IOMs recommendations are off by a factor of 10 due to a mathematical error as reported by Science Daily 4in 2015.
https://takecontrol.substack.com/p/cnn-coronavirus-vitamin-d, Two papers 5 6confronting this issue have been published in the journal Nutrients both of which call for the IOM to correct its mistake lest public health suffer.
https://takecontrol.substack.com/p/cnn-coronavirus-vitamin-d, So if IOM were to simply go back and correct this egregious mistake the "conventional medical advice" would be to take 6000 IUs a day or 8000 IUs if you're over 70.
https://takecontrol.substack.com/p/cnn-coronavirus-vitamin-d, These dosages are quite close to the so-called "high-dose" recommendations suggested by many vitamin D researchers.The statement that there is "no evidence that very high vitamin D levels are protective against COVID-19" is equally misleading considering a number of reports from COVID-19 researchers now show that vitamin D appears to play a significant role in this infectious disease.
https://takecontrol.substack.com/p/cnn-coronavirus-vitamin-d, Similarly researchers demonstrated that the age-specific case fatality rate of COVID-19 was highest in Italy Spain and France — European countries with the highest incidence of severe vitamin D deficiency.
https://takecontrol.substack.com/p/cnn-coronavirus-vitamin-d, 7In the video below published May 11 2020 on Medscape.com Dr. JoAnn E. Manson professor of medicine and chief of division of preventive medicine at Harvard Medical School discusses the protective role of vitamin D against COVID-19.
https://takecontrol.substack.com/p/cnn-coronavirus-vitamin-d, Vitamin D Deficiency Increases Risk of Positive COVID-19 TestA May 2020 paper 8published on the preprint server MedRxiv (which means it's still awaiting peer-review) presents evidence that vitamin D deficiency increases the risk of testing positive for COVID-19 infection.
https://takecontrol.substack.com/p/cnn-coronavirus-vitamin-d, As reported by News Medical Life Sciences: 9"The study by researchers at the University of Chicago looked at over 4300 patients with COVID-19 of whom 499 had been tested for vitamin D levels in the previous year.
https://takecontrol.substack.com/p/cnn-coronavirus-vitamin-d, Based on this they were divided into likely deficient (25%) likely adequate (58%) and uncertain (16%).Vitamin D deficiency was diagnosed by 'the most recent 25-hydroxycholecalciferol &lt;20ng/ml or 125-dihydroxycholecalciferol &lt;18pg/ml within one year before COVID-19 testing.
https://takecontrol.substack.com/p/cnn-coronavirus-vitamin-d,'Multiple variables were analyzed in this study. The researchers found that people with vitamin D deficiency at the last testing and who did not receive higher doses of vitamin D (keeping them deficient in all probability) are much more likely to be infected with the virus than those with probably sufficient levels.
https://takecontrol.substack.com/p/cnn-coronavirus-vitamin-d, The corresponding rates of infection were 22% vs. 12%." Similarly a May 6 2020 report 10in the journal Nutrients pointed out that vitamin D concentrations are lower in patients with positive PCR (polymerase chain reaction) tests for SARS-CoV-2.
https://takecontrol.substack.com/p/cnn-coronavirus-vitamin-d, As noted in this report which retrospectively investigated the vitamin D levels obtained from a cohort of patients in Switzerland: 11"In this cohort significantly lower 25(OH)D levels were found in PCR-positive for SARS-CoV-2 (median value 11.
https://takecontrol.substack.com/p/cnn-coronavirus-vitamin-d,1 ng/mL) patients compared with negative patients (24.6 ng/mL); this was also confirmed by stratifying patients according to age &gt;70 years.
https://takecontrol.substack.com/p/cnn-coronavirus-vitamin-d, On the basis of this preliminary observation vitamin D supplementation might be a useful measure to reduce the risk of infection.
https://takecontrol.substack.com/p/cnn-coronavirus-vitamin-d," “There are considerable experimental data showing that vitamin D is important in regulating and suppressing the inflammatory cytokine response of respiratory epithelial cells and macrophages to various pathogens including respiratory viruses.
https://takecontrol.substack.com/p/cnn-coronavirus-vitamin-d,”Low Vitamin D Boosts Risk of Serious COVID-19 InfectionAccording to an editorial review 12 13by Irish researchers people with vitamin D deficiency appear to be far more prone to severe COVID-19 infections.
https://takecontrol.substack.com/p/cnn-coronavirus-vitamin-d, According to the authors: 14"When mortality per million is plotted against latitude it can be seen that all countries that lie below 35 degrees North have relatively low mortality.
https://takecontrol.substack.com/p/cnn-coronavirus-vitamin-d, Thirty‐five degrees North also happens to be the latitude above which people do not receive sufficient sunlight to retain adequate vitamin D levels during winter.
https://takecontrol.substack.com/p/cnn-coronavirus-vitamin-d, This suggests a possible role for vitamin D in determining outcomes from COVID‐19 ...There are considerable experimental data showing that vitamin D is important in regulating and suppressing the inflammatory cytokine response of respiratory epithelial cells and macrophages to various pathogens including respiratory viruses .
https://takecontrol.substack.com/p/cnn-coronavirus-vitamin-d,..It is important to note that the hypothesis is not that vitamin D would protect against SARS‐CoV‐2 infection but that it could be very important in preventing the cytokine storm and subsequent acute respiratory distress syndrome that is commonly the cause of mortality .
https://takecontrol.substack.com/p/cnn-coronavirus-vitamin-d,..The evidence supporting a protective effect of vitamin D against severe COVID‐19 disease is very suggestive a substantial proportion of the population in the Northern Hemisphere will currently be vitamin D deficient and supplements for example 1000 international units (25 micrograms) per day are very safe.
https://takecontrol.substack.com/p/cnn-coronavirus-vitamin-d,It is time for governments to strengthen recommendations for vitamin D intake and supplementation particularly when under lock‐down.
https://takecontrol.substack.com/p/cnn-coronavirus-vitamin-d," Similarly Mark Alipio with GrassrootsHealth conducted a retrospective multicenter study 15involving 212 patients in Southeast Asia who had COVID-19.
https://takecontrol.substack.com/p/cnn-coronavirus-vitamin-d, He too found a strong correlation between vitamin D levels and disease severity. Those with the mildest disease had the highest vitamin D levels and vice versa.
https://takecontrol.substack.com/p/cnn-coronavirus-vitamin-d, Normal vitamin D levels were defined as greater than 30 ng/ml; insufficient levels were defined as 21 to 29 ng/ml; anything below 20 ng/mL was considered deficient.
https://takecontrol.substack.com/p/cnn-coronavirus-vitamin-d, While Grassroots Health research has determined that 40 ng/mL is the lower edge of optimal with 60 ng/mL to 80 ng/mL being ideal for health and disease prevention the benefit of having a vitamin D level above 30 ng/mL was clear.
https://takecontrol.substack.com/p/cnn-coronavirus-vitamin-d, Low Vitamin D Levels Linked to Increased COVID-19 MortalityThe epidemiology of COVID-19 provides evidence that vitamin D might be helpful in reducing risk associated with COVID-19 deaths.
https://takecontrol.substack.com/p/cnn-coronavirus-vitamin-d, 16A May 6 2020 report 17published in Aging Clinical and Experimental Research (its prepublication featured in the Daily Mail May 1 18 ) found that countries with lower vitamin D levels also have higher mortality rates from COVID-19.
https://takecontrol.substack.com/p/cnn-coronavirus-vitamin-d, According to the authors: 19"The Seneca study showed a mean serum vitamin D level of 26 nmol/L in Spain 28 nmol/L in Italy and 45 nmol/L in the Nordic countries in older people.
https://takecontrol.substack.com/p/cnn-coronavirus-vitamin-d, In Switzerland mean vitamin D level is 23 nmol/L in nursing homes and in Italy 76% of women over 70 years of age have been found to have circulating levels below 30 nmol/L.
https://takecontrol.substack.com/p/cnn-coronavirus-vitamin-d,These are the countries with high number of cases of COVID-19 and the aging people is the group with the highest risk for morbidity and mortality with SARS-CoV2.
https://takecontrol.substack.com/p/cnn-coronavirus-vitamin-d," In the preprint version 20of this paper the authors concluded: "We believe that we can advise vitamin D supplementation to protect against SARS-CoV2 infection.
https://takecontrol.substack.com/p/cnn-coronavirus-vitamin-d," In the final version 21they toned down the recommendation to: "We hypothesize that vitamin D may play a protective role for COVID-19.
https://takecontrol.substack.com/p/cnn-coronavirus-vitamin-d,"Another study 22which looked at data from 780 hospital patients in Indonesia found those with a vitamin D level between 20 ng/mL and 30 ng/mL had a sevenfold higher risk of death than those with a level above 30 ng/mL and having a level below 20 ng/mL was associated with a 12 times higher risk of death.
https://takecontrol.substack.com/p/cnn-coronavirus-vitamin-d,Vitamin D Is a Simple Strategy That Can Save LivesIn a May 18 2020 letter 23to the Federal Chancellor of Germany Angela Merkel retired biochemist Bernd Glauner and Lorenz Borsche highlight these and other studies 24and ask whether a nationwide supply of vitamin D has been considered in Germany.
https://takecontrol.substack.com/p/cnn-coronavirus-vitamin-d, "Until a vaccine is available vitamin D supplementation could be a preventive measure that should be discussed to reduce the lethality of covid-19.
https://takecontrol.substack.com/p/cnn-coronavirus-vitamin-d, The available studies also suggest that vitamin D shock treatment may protect patients already infected and hospitalized with Covid-19 from lethal sepsis" they write.
https://takecontrol.substack.com/p/cnn-coronavirus-vitamin-d,The following graph is included in the letter. Glauner and Borsche continue: 25"... Scientific and clinical studies suggesting an alternative treatment option are apparently ignored.
https://takecontrol.substack.com/p/cnn-coronavirus-vitamin-d, One of these promising approaches is the treatment with vitamin D. The available studies on Covid-19 patients suggest that a large proportion of deaths could possibly be prevented and severe courses could be reduced to milder ones .
https://takecontrol.substack.com/p/cnn-coronavirus-vitamin-d,..This way would be easy and does not cause high costs. It would be sufficient to measure the vitamin D level in Covid-19 infected persons hospital staff and risk patients and if necessary to raise it to healthy levels well above 35 ng/ml.
https://takecontrol.substack.com/p/cnn-coronavirus-vitamin-d, In any case no comparison to the enormous costs of the lockdown. This could possibly save us another lockdown and many more Covid-19 fatalities.
https://takecontrol.substack.com/p/cnn-coronavirus-vitamin-d," No Vitamin D Supplementation Is Not DangerousThe CNN article is just another propaganda COVID-19 narrative of mainstream media.
https://takecontrol.substack.com/p/cnn-coronavirus-vitamin-d, This egregious behavior is similar to the hydroxychloroquine paper published in The Lancet that the WHO has used to discredit and stop using hydroxychloroquine for COVID-19.
https://takecontrol.substack.com/p/cnn-coronavirus-vitamin-d, Over 100 scientists question the ethics and standards of this incredibly shoddy study. 26Probably the most serious mistake in LaMotte's CNN article are her claims that vitamin D supplementation "can hurt a lot.
https://takecontrol.substack.com/p/cnn-coronavirus-vitamin-d," She claims "too much vitamin D can lead to a toxic buildup of calcium in your blood causing confusion disorientation and problems with heart rhythm as well as bone pain kidney damage and painful kidney stones.
https://takecontrol.substack.com/p/cnn-coronavirus-vitamin-d,"She makes those claims without a) citing or referencing any supporting evidence b) clarifying that the "toxic buildup of calcium" (hypercalcemia) is caused by insufficient vitamin K2 in relation to vitamin D not vitamin D per se (a fact that is now well-established) and c) without specifying what "too much" actually might be.
https://takecontrol.substack.com/p/cnn-coronavirus-vitamin-d, A review 27of published trials have demonstrated there are no toxicity symptoms — including hypercalcemia — at dosages up to 10000 IU of vitamin D3 per day even when used long-term.
https://takecontrol.substack.com/p/cnn-coronavirus-vitamin-d, A more recent paper found that Intakes of vitamin D up to 15000 IU/day are safe. 28 In my search for horror stories I discovered a case paper 29published in 2011 which presented the cases of 10 adult patients diagnosed with hypercalcemia in relation to vitamin D supplementation.
https://takecontrol.substack.com/p/cnn-coronavirus-vitamin-d, Symptoms listed in this paper include vomiting polyuria (excessive urination) polydipsia (excessive thirst) hypercalcemia (excessive calcium levels) encephalopathy (brain damage or disease causing memory loss personality changes or seizures for example) and kidney dysfunction.
https://takecontrol.substack.com/p/cnn-coronavirus-vitamin-d,It sounds scary but when you consider that these patients were taking MILLIONS of units of vitamin D — specifically 3600000 (3.
https://takecontrol.substack.com/p/cnn-coronavirus-vitamin-d,6 million) IUs and 210000000 (210 million) IUs over the course of one to four months (median two months) — you start to see just how wrong it is to warn people off vitamin D supplements.
https://takecontrol.substack.com/p/cnn-coronavirus-vitamin-d,For example the dosages these people were getting would be like taking 30000 IUs of vitamin D per day for 120 days on the lowest end or 7 million IUs a day for 30 days on the extreme upper end.
https://takecontrol.substack.com/p/cnn-coronavirus-vitamin-d, No one is recommending you take these kinds of dosages especially not for extended periods of time.Many may need 10000 IUs a day — which is safe — to get their level above 60 ng/mL.
https://takecontrol.substack.com/p/cnn-coronavirus-vitamin-d, The maintenance dose however is typically lower. To determine your ideal dose you need to get your blood tested ideally twice a year.
https://takecontrol.substack.com/p/cnn-coronavirus-vitamin-d, The level you're looking for is between 60 ng/mL and 80 ng/mL. As of right now there does not appear to be any significant benefit to levels higher than 80 ng/mL.
https://takecontrol.substack.com/p/cnn-coronavirus-vitamin-d, REALLY IMPORTANT: Optimize Your Vitamin D Level Before Fall! Experts are already warning that SARS-CoV-2 may reemerge in the fall when temperatures and humidity levels drop thereby increasing the virus' transmissibility.
https://takecontrol.substack.com/p/cnn-coronavirus-vitamin-d,I am in the process of writing an even more comprehensive and detailed report on vitamin D in the prevention of COVID-19 and I hope to enlist ALL of you to participate as an army to go out and tell all your friends and family and get them on board to get their vitamin levels optimized.
https://takecontrol.substack.com/p/cnn-coronavirus-vitamin-d,Once you have done that the next step is to encourage pastors of black churches to get their congregations on board. It will also be important to reach out to mangers of nursing homes and assisted living facilities as both of these populations have notoriously low vitamin D levels that put them at greater risk of COVID-19.
https://takecontrol.substack.com/p/cnn-coronavirus-vitamin-d, You now have a known "deadline" for optimizing your vitamin D level. Historically December typically has highest flu activity in the U.
https://takecontrol.substack.com/p/cnn-coronavirus-vitamin-d,S. 30but it would probably be good to aim for October or maybe even earlier depending on your location. To improve your immune function and lower your risk of viral infections you'll want to raise your vitamin D to a level between 60 nanograms per milliliter (ng/mL) and 80 ng/mL by fall.
https://takecontrol.substack.com/p/cnn-coronavirus-vitamin-d, In Europe the measurements you're looking for are 150 nanomoles per liter (nmol/L) and 200 nmol/L.Again optimizing your vitamin D is particularly important if you have darker skin as darker skin places you at higher risk for vitamin D deficiency — and serious COVID-19 infection.
https://takecontrol.substack.com/p/cnn-coronavirus-vitamin-d, What's more the elderly tend to lose the ability to synthesize vitamin D from sun exposure and therefore tend to have suboptimal levels even if they spend plenty of time outdoors.
https://takecontrol.substack.com/p/cnn-coronavirus-vitamin-d, One of the easiest and most cost-effective ways of measuring your vitamin D level is to participate in theGrassrootsHealth'spersonalized nutrition project which includes a vitamin D testing kit either alone or in combination with the omega-3 test.
https://takecontrol.substack.com/p/cnn-coronavirus-vitamin-d, This is done in the convenience of your home. You'll learn your nutrient levels how effective your health actions are and you'll be able to see thousands of other data sets that allow you to compare health outcomes important to you.
https://takecontrol.substack.com/p/cnn-coronavirus-vitamin-d, Knowledge is empowerment and that is particularly true during this pandemic. To make sure your immune system has a chance to work optimally follow these three steps.
https://takecontrol.substack.com/p/cnn-coronavirus-vitamin-d, Step 1: Measure Your Vitamin D First find out what your base level is. This is done with a simple blood test. An easy and cost-effective way of doing this is to order GrassrootsHealth's vitamin D testing kit.
https://takecontrol.substack.com/p/cnn-coronavirus-vitamin-d,Once you know what your blood level is you can assess the dose needed to maintain or improve your level. Again the ideal level you're looking for is above 40 ng/mL and ideally between 60 ng/mL and 80 ng/mL (European measurement: 100 nmol/L or ideally 150 nmol/L to 200 nmol/L).
https://takecontrol.substack.com/p/cnn-coronavirus-vitamin-d,The easiest way to raise your level is by getting regular safe sun exposure but if you're very dark-skinned you may need to spend about 1.
https://takecontrol.substack.com/p/cnn-coronavirus-vitamin-d,5 hours a day in the sun to have any noticeable effect.Those with very light skin may only need 15 minutes a day which is far easier to achieve.
https://takecontrol.substack.com/p/cnn-coronavirus-vitamin-d, Still they too will typically struggle to maintain ideal levels during the winter. So depending on your situation you may need to use an oral vitamin D3 supplement.
https://takecontrol.substack.com/p/cnn-coronavirus-vitamin-d, The next question then becomes how much do you need? Step 2: Assess Your Individualized Vitamin D3 Dosage The following chart can provide you with a basic starting point: You can fine-tune your dosage further by taking into account your baseline vitamin D level.
https://takecontrol.substack.com/p/cnn-coronavirus-vitamin-d, To do that you can either use the chart below or use GrassrootsHealth'sVitamin D*calculator . To convert ng/mL into the European measurement (nmol/L) simply multiply the ng/mL measurement by 2.
https://takecontrol.substack.com/p/cnn-coronavirus-vitamin-d,5.How to Calculate Your Vitamin D From Sun ExposureTo calculate how much vitamin D you may be getting from regular sun exposure in addition to your supplemental intake consider using the DMinder app 31created by Dr.
https://takecontrol.substack.com/p/cnn-coronavirus-vitamin-d, Michael Holick author of "The Vitamin D Solution: A Three-Step Strategy to Cure Our Most Common Health Problems." The free app is available for iPhone and android in the Apple store and Google play respectively.
https://takecontrol.substack.com/p/cnn-coronavirus-vitamin-d, As explained by imedicalapps.com: 32"The app attempts to calculate a patients' vitamin D level based on demographics imputed when first opening the app and then updates the level based on either actual lab draws or data from the app.
https://takecontrol.substack.com/p/cnn-coronavirus-vitamin-d, The app even uses the phone's GPS and clock to determine the 'best' time of day for a patient to get the required sun exposure for vitamin D skin conversion.
https://takecontrol.substack.com/p/cnn-coronavirus-vitamin-d," Step 3: Retest Lastly you'll need to remeasure your vitamin D level in three to six months to evaluate how your sun exposure and/or supplement dose is working for you.
https://takecontrol.substack.com/p/cnn-coronavirus-vitamin-d, Not only will optimizing your vitamin D be an important strategy for you and your family but it would be really helpful to start thinking about your community as well.
https://takecontrol.substack.com/p/cnn-coronavirus-vitamin-d,If you can speak to pastors in churches with large congregations of people of color and help them start a program getting people on vitamin D.
https://takecontrol.substack.com/p/cnn-coronavirus-vitamin-d, Doing so could save far more lives than any vaccine program.If you have a family member or know anyone who is in an assisted living facility you could meet with the director of the program and encourage them to get everyone tested or at least start them on vitamin D.
https://takecontrol.substack.com/p/cnn-coronavirus-vitamin-d,>&quot;&quot;action&quot;:null&quot;class&quot;:null}" data-component-name="ButtonCreateButton">NEXT ARTICLE &gt;&gt;Disclaimer: The entire contents of this website are based upon the opinions of Dr.
https://takecontrol.substack.com/p/cnn-coronavirus-vitamin-d, Mercola unless otherwise noted. Individual articles are based upon the opinions of the respective author who retains copyright as marked.
https://takecontrol.substack.com/p/cnn-coronavirus-vitamin-d, The information on this website is not intended to replace a one-on-one relationship with a qualified health care professional and is not intended as medical advice.
https://takecontrol.substack.com/p/cnn-coronavirus-vitamin-d, It is intended as a sharing of knowledge and information from the research and experience of Dr. Mercola and his community.
https://takecontrol.substack.com/p/cnn-coronavirus-vitamin-d, Dr. Mercola encourages you to make your own health care decisions based upon your research and in partnership with a qualified health care professional.
https://takecontrol.substack.com/p/cnn-coronavirus-vitamin-d, The subscription fee being requested is for access to the articles and information posted on this site and is not being paid for any individual medical advice.
https://takecontrol.substack.com/p/cnn-coronavirus-vitamin-d,If you are pregnant nursing taking medication or have a medical condition consult your health care professional before using products based on this content.
https://takecontrol.substack.com/p/cnn-coronavirus-vitamin-d,1CNN May 27 20202CNN May 27 20203American Society for Bone and Mineral Research March 2011; 26(3): 455-457 (PDF)4Science Daily March 17 20155Nutrients October 2014; 6(10): 4472-44756Nutrients March 2015; 7(3): 1688–16907MedRxiv 2020 DOI: 10.
https://takecontrol.substack.com/p/cnn-coronavirus-vitamin-d,1101/2020.04.08.200585788MedRxiv DOI 10.1101/2020.05.08.200958939News Medical Life Sciences May 14 202010Nutrients May 9 2020; 12(5): 135911Nutrients May 9 2020; 12(5): 135912Pharmacol Ther.
https://takecontrol.substack.com/p/cnn-coronavirus-vitamin-d, 2020 May 13. doi: 10.1111/apt.1582013NutraIngredients.com April 28 202014Alimentary Pharmacology &amp; Therapeutics April 20 2020 Early review15GrassrootsHealth Letter Preprint April 9 2020 (PDF)16MedRxiv preprint May 12 2020 DOI: 10.
https://takecontrol.substack.com/p/cnn-coronavirus-vitamin-d,1101/2020.05.06.2009341917Aging Clinical and Experimental Research 2020 doi: 10.1007/s40520-020-01570-818Daily Mail May 1 202019Aging Clinical and Experimental Research 2020 doi: 10.
https://takecontrol.substack.com/p/cnn-coronavirus-vitamin-d,1007/s40520-020-01570-8 Discussions20Aging Clinical and Experimental Research 2020 Preprint DOI: 10.21203/rs.3.rs-21211/v121Aging Clinical and Experimental Research 2020 doi: 10.
https://takecontrol.substack.com/p/cnn-coronavirus-vitamin-d,1007/s40520-020-01570-8 Background/Aims22JoanneNova.com.au May 202023Letter to Dr. Angela Merkel from Bernd Glauner and Lorenz Borsche May 18 2020 (PDF)24Selected Publications on the Role of Vitamin D Regarding the Mortality of COVID-19 Patients (PDF)25Letter to Dr.
https://takecontrol.substack.com/p/cnn-coronavirus-vitamin-d, Angela Merkel from Bernd Glauner and Lorenz Borsche May 18 2020 Current State of Knowledge (PDF)26New York Times May 29 202027American Journal of Clinical Nutrition January 2007; 85(1):6-1828Dermatoendocrinol.
https://takecontrol.substack.com/p/cnn-coronavirus-vitamin-d, April 13 2017; 9(1):e130021329Oman Medical Journal May 2011; 26(3): 201-20430Duquesne University Peak Flu Activity31DMinder app32imedicalapps.
